IdEducacion,Estudios,Matrícula profesional,Institución estudios,Postgrado,Institución postgrado,Diplomado o CAP SENA,Correo institucional
EDU001,Profesional,MP-465838,"Beltrán, Prieto and Escobar",,"García, Durán and Perdomo",,mario78@cardozo.com
EDU002,Maestría,MP-474313,Vergara Inc,Maestría,Quiroga Ltd,,stellagonzalez@mosquera.info
EDU003,Especialización,MP-187468,Castellanos PLC,Especialización,"Vélez, Zapata and Pérez",,trodriguez@bolanos.com
EDU004,Profesional,MP-746117,"López, Betancur and Acosta",,Bejarano Ltd,,juan61@gomez.com
EDU005,Profesional,MP-155350,Hernández-Marín,,"Ramos, Giraldo and Osorio",,mauricioprada@gaviria.net
EDU006,Especialización,MP-716410,Torres Group,Especialización,Contreras-Rodríguez,,yolanda62@marin-rios.net
EDU007,Especialización,MP-462246,"Martínez, Delgado and Bermúdez",Especialización,"Montoya, Gallego and Méndez",,mesamarta@correa.info
EDU008,Maestría,MP-521280,"Rivera, Andrade and Villamizar",Maestría,Benítez Group,,elizabethquintero@rodriguez.net
EDU009,Profesional,MP-376091,Jiménez-Mejía,,Bohórquez LLC,,patinoenrique@aguilar.com
EDU010,Tecnólogo,,"Pérez, Rendón and Montoya",,Sierra-Mena,,adrianagallego@miranda-gil.biz
EDU011,Especialización,MP-786684,Vargas-Galeano,Especialización,Ochoa-Vallejo,,diazwendy@mendoza.com
EDU012,Profesional,MP-881198,"Arteaga, Ortiz and Bolívar",,Castro and Sons,,diana07@lopez.info
EDU013,Técnico,,Ortiz-Zapata,,Ávila-Duque,,umarin@gomez.org
EDU014,Especialización,MP-368615,"Vergara, Bejarano and Sánchez",Especialización,Rivera-Rodríguez,,dianagutierrez@carrillo.com
EDU015,Especialización,MP-347644,Meneses Ltd,Especialización,"Osorio, Narváez and Ríos",,nicolaspena@munoz-duque.com
EDU016,Especialización,MP-897622,Hurtado-Henao,Especialización,"Erazo, Londoño and Campo",,pgomez@perdomo-rodriguez.org
EDU017,Profesional,MP-734421,"Gutiérrez, León and Ruiz",,"Córdoba, Trujillo and Carmona",,gonzalezmiguel@contreras.org
EDU018,Técnico,,Correa-Carrillo,,"Padilla, Castro and Suárez",,jcaceres@pinzon.com
EDU019,Tecnólogo,,Lozano-Palacio,,Parada-Rodríguez,,isabelramirez@orjuela.net
EDU020,Profesional,MP-548330,"Hurtado, Mora and Burgos",,Osorio LLC,,gonzalo53@arias-ortega.com
EDU021,Especialización,MP-579361,Patiño-Jiménez,Especialización,"Vargas, Santos and Ruiz",,magnoliagalvis@burbano-andrade.info
EDU022,Profesional,MP-415557,Pérez-Padilla,,Padilla-Peña,,natalia78@rojas.biz
EDU023,Profesional,MP-329104,"Mejía, Cortés and Burbano",,"González, Contreras and Carrillo",,myriambonilla@trujillo.com
EDU024,Maestría,MP-235327,Rojas Ltd,Maestría,Gómez LLC,,olayawilliam@velandia.com
EDU025,Profesional,MP-684567,Ruiz Group,,Herrera Ltd,,wlopez@cordoba.com
EDU026,Profesional,MP-850230,Rincón-Sánchez,,Romero Group,UNIVERSIDAD DEL BOSQUE,jenny01@lopez.com
EDU027,Profesional,MP-155426,"Hernández, López and Estrada",,Santos-Rojas,,cparra@alvarez.com
EDU028,Profesional,MP-724446,Muñoz Group,,Rodríguez-Martínez,,melba86@valencia-uribe.info
EDU029,Profesional,MP-825256,Acosta-Ríos,,"Romero, Estrada and Guevara",,erickceballos@castillo-zambrano.com
EDU030,Técnico,,Pabón-Ortiz,,Delgado-Mejía,,alvarezeduard@bohorquez-palacio.com
EDU031,Técnico,,Rodríguez Inc,,Ramírez-Ibarra,,rojaspedro@rodriguez.net
EDU032,Especialización,MP-765755,Durán-Saavedra,Especialización,"Vera, Angulo and Prieto",,qsanchez@suarez.com
EDU033,Técnico,,Pacheco-Gamboa,,Vargas-Ospino,,garciacecilia@acosta.com
EDU034,Profesional,MP-990617,Cruz PLC,,López-Sierra,,marcos08@caicedo.biz
EDU035,Especialización,MP-707274,"Cuéllar, Villamizar and Mejía",Especialización,Cano and Sons,,pinedalaura@perdomo.com
EDU036,Profesional,MP-542905,Uribe Group,,"Bonilla, López and Contreras",,milenamontenegro@moreno.com
EDU037,Especialización,MP-129301,Blanco LLC,Especialización,Acosta Ltd,,carlos77@rueda.biz
EDU038,Maestría,MP-989302,"Molina, Patiño and Díaz",Maestría,Salazar-Duque,,edgarlopez@torres.biz
EDU039,Especialización,MP-677564,Ríos LLC,Especialización,Chávez LLC,,ngomez@diaz-mejia.com
EDU040,Especialización,MP-323894,Méndez-Villa,Especialización,Cortés Group,,zquintero@contreras-hurtado.com
EDU041,Bachiller,,García-Gutiérrez,,Calderón and Sons,,patriciahernandez@delgado.biz
EDU042,Técnico,,Osorio-Rangel,,"Hoyos, Álvarez and Hernández",,lperez@perez.com
EDU043,Técnico,,"Torres, Erazo and Salgado",,"Ávila, Torres and López",,francisco31@morales-medina.biz
EDU044,Profesional,MP-909343,Rodríguez Group,,López-Serrano,,katerineortiz@florez.com
EDU045,Especialización,MP-585757,Guzmán Ltd,Especialización,Jaimes and Sons,,albertomartinez@valencia.com
EDU046,Especialización,MP-220263,Torres Inc,Especialización,Guevara-Rodríguez,,enriquedelgado@ospina.com
EDU047,Maestría,MP-507592,"Daza, Guevara and Trujillo",Maestría,"Fernández, Vélez and Suárez",,jaimeagudelo@lara.org
EDU048,Profesional,MP-804590,"Montenegro, Ospino and Torres",,Hernández-Calderón,,gabriel71@acosta.org
EDU049,Especialización,MP-876676,Henao-Sierra,Especialización,"Núñez, Castro and Meneses",,mariaburbano@herrera.biz
EDU050,Maestría,MP-601708,"Romero, Pineda and Moreno",Maestría,"Castro, Martínez and Muñoz",,gomezelkin@quintero-medina.com
EDU051,Maestría,MP-774331,Cuéllar Ltd,Maestría,"Estrada, Ruiz and Rodríguez",,orjuelajesus@arevalo.info
EDU052,Especialización,MP-274037,Castañeda-Montes,Especialización,Suárez-Navarro,,hrivera@buitrago.net
EDU053,Especialización,MP-333782,Castaño-Rivas,Especialización,Pinzón Inc,,jesus93@alzate.biz
EDU054,Especialización,MP-662288,Solano-Ramírez,Especialización,Martínez-Herrera,,romeroyessica@maldonado.com
EDU055,Bachiller,,Díaz-Triana,,Camacho Inc,,juansierra@rivera.com
EDU056,Profesional,MP-485925,Rentería and Sons,,"Palacios, Mosquera and Ramos",,juan11@hurtado.org
EDU057,Tecnólogo,,"Palacios, Acevedo and Gallego",,Muñoz-Sánchez,,lauramanrique@riascos.com
EDU058,Especialización,MP-286321,"Castillo, Jaramillo and Pinzón",Especialización,"Morales, Martínez and Ariza",,milena13@perez-duran.net
EDU059,Técnico,,Carmona Ltd,,"Mora, Peña and Castillo",,sandra28@meza.com
EDU060,Profesional,MP-790493,"Orjuela, García and Duarte",,"Mendoza, Hernández and Daza",,lopezjohan@pena.com
EDU061,Profesional,MP-856254,"Acevedo, Castellanos and Soto",,Gaviria LLC,,carlos56@palacio-palacio.com
EDU062,Profesional,MP-969270,"López, Valencia and Gutiérrez",,"González, Arias and Oviedo",,juandominguez@castaneda.com
EDU063,Especialización,MP-351924,Martínez Ltd,Especialización,"Osorio, Hernández and Parada",,carlos95@zuluaga.com
EDU064,Profesional,MP-941531,López Inc,,"Marín, Martínez and Pérez",,adalbertocamacho@franco.com
EDU065,Especialización,MP-807650,Caicedo Group,Especialización,Molina Group,,carmensalazar@palacios.info
EDU066,Profesional,MP-494540,"Vásquez, Rivera and Caicedo",,"Muñoz, Burgos and Cardona",,roberto85@pena-barrera.com
EDU067,Especialización,MP-835265,Osorio-Garzón,Especialización,Londoño Group,,alonso52@nino.com
EDU068,Profesional,MP-743235,López-Padilla,,Sánchez Inc,,munozedilma@soto.org
EDU069,Profesional,MP-745588,Mejía-Monroy,,Vargas and Sons,,albaramos@romero.com
EDU070,Profesional,MP-738387,"López, Fuentes and Valencia",,Gómez PLC,,hectorrubio@duque.com
EDU071,Profesional,MP-662332,"Núñez, García and Vargas",,"Cabrera, Calderón and Mercado",,pintoyenny@escobar.com
EDU072,Profesional,MP-979858,Herrera Inc,,Buitrago-Vega,,ortizalexander@calderon-pena.com
EDU073,Especialización,MP-542296,López-Meza,Especialización,Mejía Group,,parrajunior@meneses.info
EDU074,Profesional,MP-298286,Sanabria LLC,,"Morales, Castellanos and Córdoba",,bolanosalberto@lopez-palacios.com
EDU075,Profesional,MP-731347,"Caicedo, Valencia and Portilla",,"Jiménez, Mora and Osorio",,fgarcia@leon-martinez.com
EDU076,Técnico,,Monroy LLC,,González-Moreno,,jorgeacevedo@chavez-suarez.biz
EDU077,Maestría,MP-318126,"Rodríguez, Andrade and Sánchez",Maestría,Montoya and Sons,,patriciacabrera@orozco.com
EDU078,Bachiller,,"Jaimes, Álvarez and Mendoza",,"Morales, Hernández and Chávez",,fernandobeltran@tovar.com
EDU079,Maestría,MP-556551,"Carrillo, Zapata and Orozco",Maestría,Restrepo LLC,,andresospina@perez.org
EDU080,Profesional,MP-220151,"Sánchez, Ortiz and Sánchez",,Pérez LLC,,martinmesa@fernandez.com
EDU081,Especialización,MP-388998,"Sánchez, Ramírez and Carvajal",Especialización,"Cuéllar, Alvarado and Castro",,ssaavedra@rueda.info
EDU082,Tecnólogo,,Polo-Pulido,,López-Vallejo,,yojeda@puentes.net
EDU083,Técnico,,Suárez-Moreno,,"Ramírez, González and Lozano",,elsy85@orjuela-caicedo.com
EDU084,Maestría,MP-635822,"Guevara, Restrepo and Luna",Maestría,"Ortiz, Melo and Serrano",,fernando72@diaz-guzman.com
EDU085,Especialización,MP-302283,Hernández Ltd,Especialización,Ospina and Sons,,jesusocampo@gomez.com
EDU086,Especialización,MP-308261,Montoya-Galvis,Especialización,"Burbano, Reyes and Castro",,zuluagasebastian@acosta-valderrama.com
EDU087,Profesional,MP-206530,"Galindo, Osorio and Fajardo",,Triana-Sarmiento,,dhernandez@contreras.info
EDU088,Especialización,MP-168148,Restrepo-Marín,Especialización,Palacios Ltd,,davidsuarez@palacio.org
EDU089,Especialización,MP-621430,Burbano-Castillo,Especialización,Bolívar and Sons,,isanchez@sarmiento.com
EDU090,Maestría,MP-165725,Mora and Sons,Maestría,Rangel-Cuéllar,,ester10@beltran-londono.com
EDU091,Profesional,MP-449457,Monsalve LLC,,Murillo LLC,,paradayaneth@palacios.com
EDU092,Técnico,,"Yepes, Barragán and Cortés",,"Reyes, Díaz and Rojas",,perezmaria@ortiz-paez.info
EDU093,Profesional,MP-429365,Moreno-Moreno,,"Erazo, García and Reyes",,katherineperez@prada.com
EDU094,Profesional,MP-373538,Murillo-Sánchez,,Gómez LLC,,jairocaicedo@londono-gonzalez.com
EDU095,Especialización,MP-891743,Vanegas PLC,Especialización,"Ortega, Serna and Arévalo",,espitiahumberto@molina.info
EDU096,Profesional,MP-858574,Osorio Inc,,"Galvis, Flórez and Álvarez",,patriciacarmona@gaviria-rincon.com
EDU097,Especialización,MP-813226,Ruiz PLC,Especialización,"Caballero, López and Cifuentes",,pablo59@romero.com
EDU098,Profesional,MP-837565,"Ramírez, Rodríguez and Hernández",,"Galvis, Hernández and Acevedo",,eliasestrada@gonzalez.com
EDU099,Especialización,MP-716166,Guerrero Ltd,Especialización,"García, Jiménez and Leal",,leonines@duque.com
EDU100,Profesional,MP-161063,Hernández-Ortiz,,Manrique LLC,,valderramadoris@luna.com
EDU101,Especialización,MP-566960,"Meneses, Prada and Fernández",Especialización,"Hernández, González and Suárez",,juan96@gonzalez.com
EDU102,Especialización,MP-216381,Mendoza-Osorio,Especialización,"Quiroz, Hernández and Ruiz",,yinethhernandez@nunez.org
EDU103,Profesional,MP-632295,"Guerrero, Mendoza and Márquez",,Rivera PLC,,dcamargo@mercado-alvarez.com
EDU104,Especialización,MP-715115,Rojas Ltd,Especialización,Cardona PLC,,agudelojessica@suarez-rodriguez.info
EDU105,Maestría,MP-639542,García-Giraldo,Maestría,Gutiérrez Inc,,correaandres@maldonado.com
EDU106,Profesional,MP-200417,Patiño-Rivas,,Pinto-Londoño,GESTION PARA EL DESARROLLO DE LA PROMOCION Y PREVENCARION EN EL SGSSS,ariassamir@salgado.net
EDU107,Profesional,MP-914422,Sánchez LLC,,"Jiménez, Lozano and Rodríguez",CREACION Y ADMINISTRACION DE EMPRESAS,natalygonzalez@rivas.biz
EDU108,Profesional,MP-549916,"Guzmán, Pérez and Rodríguez",,"Gallego, Hernández and Calderón","DIPLOMADOS EN: AUDITORIA MEDICA, GERENCARIA DE LA CALIDAD Y VERIFICADOR DE CONDICIONES DE HABILITACION DE PRESTADORES DE SERVICIO DE SALUD",david14@molina.com
EDU109,Técnico,,"Pabón, Ruiz and Hernández",,Ramírez Ltd,DIPLOMADOS EN: DOCENCIA UNIVERSITARIA Y ATENCION INTEGRAL A LAS ENFERMEDADES PREVALENTES EN LA INFANCIA EN LA ESTRATEGIA DE CERO A SIEMPRE,cardonasebastian@rodriguez.com
EDU110,Especialización,MP-743942,Álvarez-Arias,Especialización,Martínez Inc,,rodolfogonzalez@parada.com
EDU111,Especialización,MP-533934,Fajardo-Camacho,Especialización,Pérez PLC,,ramirezmarcela@lopez.com
EDU112,Profesional,MP-668302,"Parra, Ávila and Suárez",,Ruiz-Parra,,maria78@sandoval.com
EDU113,Profesional,MP-935036,"Lara, Orjuela and Sierra",,"Duarte, Becerra and Arteaga",,medinaelisa@martinez.info
EDU114,Maestría,MP-301139,Mosquera Inc,Maestría,Rivera and Sons,,gina31@quintero.org
EDU115,Especialización,MP-515008,Miranda PLC,Especialización,Calderón Ltd,,bustosjonatan@mora.biz
EDU116,Profesional,MP-414925,Moreno PLC,,"Soto, García and Rico",,manuelgarcia@giraldo.biz
EDU117,Profesional,MP-340853,Sánchez-Torres,,Salazar-Pineda,FORTALECIMIENTO INSTITUCIONAL DEL REGIMEN SUBSIDIADO EN SALUD,torresedward@molina.net
EDU118,Especialización,MP-802436,"Zuluaga, Contreras and Valencia",Especialización,"Ibarra, Rodríguez and Cantillo",,dianarios@ariza.info
EDU119,Profesional,MP-274293,"Sarmiento, Rubio and Torres",,Díaz LLC,,yurani13@gonzalez.org
EDU120,Maestría,MP-605629,"Rojas, Suárez and Camargo",Maestría,Barrios PLC,,jorge31@rodriguez.com
EDU121,Profesional,MP-563547,Lozano-Cabrera,,"Polo, Córdoba and López",,arroyoarmando@narvaez.com
EDU122,Especialización,MP-137641,"Ruiz, García and Calderón",Especialización,Pedraza Ltd,DIPLOMADO EN ADMINISTRACION PUBLICA,jose13@medina.com
EDU123,Especialización,MP-832176,"Osorio, Córdoba and Barrios",Especialización,Niño-Bautista,DIPLOMADO EN GESTION FINANCIERA TRIBUTARIA,hernandobustamante@hernandez-gaviria.com
EDU124,Maestría,MP-811998,Herrera Ltd,Maestría,"Mora, Pineda and González",,jacqueline25@ramos.com
EDU125,Profesional,MP-347736,"Rodríguez, Mena and Restrepo",,Benítez Inc,,dpena@pinzon.org
EDU126,Profesional,MP-921106,"López, Morales and Ramírez",,Rivas-Acosta,,paolarincon@galvis-caballero.org
EDU127,Maestría,MP-705409,"Díaz, Fonseca and Rivas",Maestría,"Ramírez, Villa and Torres",ADMINISTRACION MUNICIPAL,carmen54@mejia-bustamante.com
EDU128,Maestría,MP-237103,Ruiz Inc,Maestría,Parra-Gómez,CAP SECRETARIA AUXILIAR CONTABLE CREACION Y ADMINISTRACION DE EMPRESAS,alberto70@jaramillo.biz
EDU129,Especialización,MP-930914,"Hernández, Hernández and Velásquez",Especialización,Medina-Jaramillo,GESTION PUBLICA,maryacosta@martinez.net
EDU130,Tecnólogo,,Vargas Group,,Quintero-González,,mariamartinez@ruiz.org
EDU131,Profesional,MP-114060,Romero-Benítez,,Giraldo-Bravo,,andreschavez@cruz-escobar.com
EDU132,Profesional,MP-991378,"Alarcón, Gutiérrez and Pérez",,Duque and Sons,"DIPLOMADOS EN:GESTION PUBLICA, FINANZAS PUBLICAS Y PRESUPUESTO Y EN FORMULACION Y GESTION DE PROYECTOS DE INVERSION PUBLICA /CAP SECRETARIA GENERAL",paola89@perez-duran.com
EDU133,Técnico,,"Cano, Velasco and Rodríguez",,Londoño-González,,miguelgarcia@gomez-leon.net
EDU134,Maestría,MP-244832,"Bustamante, Rivas and Sánchez",Maestría,"Lozano, Ospina and Posada",,monicaguzman@loaiza.org
EDU135,Bachiller,,"Páez, López and Ariza",,"Díaz, Ángel and Vega",,tatianacastaneda@portilla-vargas.biz
EDU136,Profesional,MP-815080,Delgado and Sons,,"Correa, Gómez and Hurtado",,angaritaesperanza@burbano.com
EDU137,Especialización,MP-143642,Castrillón-Zuluaga,Especialización,"Mendoza, Zuluaga and Montes",,ceciliarodriguez@lopez.com
EDU138,Profesional,MP-734379,Ortega Inc,,Jiménez LLC,,roseromaria@osorio.com
EDU139,Profesional,MP-469836,Palacios Ltd,,Marín-Castro,,lgarcia@gomez-martinez.net
EDU140,Maestría,MP-551282,López LLC,Maestría,"Patiño, Quintero and Moreno",CAP SECRETARIA GENERAL,knino@arenas.biz
EDU141,Maestría,MP-742613,"Melo, Torres and Delgado",Maestría,"Jaimes, Palacio and Ávila",GESTION PUBLICA Y CAP SECRETARIA GENERAL,kdelgado@bastidas.com
EDU142,Profesional,MP-415826,Cárdenas-Pérez,,Amaya LLC,FORTALECIMIENTO INSTITUCIONAL DEL REGIMEN SUBSIDIADO EN SALUD,fabiantorres@manrique-solano.com
EDU143,Especialización,MP-296553,"Ardila, Castrillón and Cardona",Especialización,Cabrera-Vargas,,hernandezelena@bustamante.info
EDU144,Especialización,MP-980889,Domínguez Inc,Especialización,"Chaparro, Bolívar and Barrera","DIPLOMADOS EN: GESTION PUBLICA, FORTALECIMIENTO DE COMPETENCIAS PARA LA ADMINISTRACION DE SISTEMAS DE GESTIÓN",calderonmaria@bedoya-castillo.com
EDU145,Profesional,MP-577266,Orjuela LLC,,"Ángel, Palacios and Sarmiento",DIPLOMADO EN FORTASLECIMIENTO DE COMPETENCIAS PARA LA ADMINISTRACION DE SISTEMAS DE INFORMACION Y DIPLOMADO EN FINANZAS PUBLICAS Y PRESUPUESTO,linamartinez@pedraza-gutierrez.com
EDU146,Profesional,MP-357324,Rivas-Díaz,,Ramírez-Torres,,marinahoyos@castellanos.com
EDU147,Especialización,MP-462920,"Pérez, Ortiz and Forero",Especialización,Mosquera-Vergara,GESTION PUBLICA,mirandamelissa@solano-rodriguez.info
EDU148,Profesional,MP-212221,Restrepo-Parra,,Gómez-Barrera,,cesarorozco@palacios-mora.com
EDU149,Tecnólogo,,Muñoz LLC,,Rodríguez and Sons,#############,fsalgado@ayala-florez.com
EDU150,Profesional,MP-191865,"Pérez, Pacheco and Moreno",,González and Sons,,santiago65@acevedo.com
EDU151,Profesional,MP-397881,"Hernández, Narváez and Caicedo",,Mendoza PLC,GESTION PUBLICA,vcarrillo@cortes.biz
EDU152,Profesional,MP-560385,Oviedo-Ariza,,Velandia Group,,etorres@murcia-mora.com
EDU153,Tecnólogo,,Durán and Sons,,Jaimes PLC,,cabreraantonio@lopez-herrera.com
EDU154,Maestría,MP-771210,Rodríguez-González,Maestría,Cabrera-Amaya,,paola66@castrillon.com
EDU155,Profesional,MP-639812,García Group,,Rojas-Jiménez,GESTION PUBLICA,sandracortes@nino.info
EDU156,Profesional,MP-273532,Cantillo and Sons,,Arévalo Ltd,,cacosta@perez-carrillo.com
EDU157,Profesional,MP-388816,Correa-López,,Ortega LLC,,ortegaeduardo@duque.com
EDU158,Profesional,MP-241564,Rodríguez-Oviedo,,Mendoza Inc,,carlosreyes@santos-castellanos.com
EDU159,Maestría,MP-143001,Villamizar Ltd,Maestría,Fajardo and Sons,GERENCIA DE SISTEMAS DE GESTION DE CALIDAD EN EL SECTOR PUBLICO,angelabecerra@gomez.com
EDU160,Profesional,MP-449307,Castillo-Salazar,,Paz-Pineda,,juan83@bermudez.com
EDU161,Especialización,MP-235565,Figueroa Inc,Especialización,Castañeda-Espinosa,,kescobar@valencia-lozano.com
EDU162,Profesional,MP-510925,Ríos Inc,,Cárdenas-Vargas,,nubia55@torres.biz
EDU163,Profesional,MP-224481,"García, Carvajal and Carrillo",,Torres-Velásquez,,menaramiro@henao.com
EDU164,Profesional,MP-599046,Peña Ltd,,"Moreno, Marín and Gutiérrez",,juansanchez@serrano.com
EDU165,Profesional,MP-669667,Flórez-Velásquez,,López-Gamboa,,phenao@ramirez.info
EDU166,Especialización,MP-383876,Vargas Ltd,Especialización,"Fajardo, Bautista and Pinzón",,ingridvalencia@diaz.com
EDU167,Técnico,,"García, Arias and Delgado",,"Jaramillo, Rico and Sánchez",,manuelgiraldo@parra.com
EDU168,Especialización,MP-756449,García and Sons,Especialización,Villegas and Sons,,kgonzalez@perez-bedoya.com
EDU169,Profesional,MP-233172,Morales-Trujillo,,"Ortega, Bernal and Gil",,diegogarzon@garcia.com
EDU170,Profesional,MP-209575,Peña-Fonseca,,"Serna, Medina and Ballesteros",,jaimecaicedo@ramirez.com
EDU171,Tecnólogo,,"Díaz, Cano and Melo",,Vargas-Betancur,,vpadilla@cruz.com
EDU172,Tecnólogo,,"Ospina, Parada and Triana",,"Díaz, Jiménez and Durán",GESTION PUBLICA,leandrohenao@yepes.biz
EDU173,Especialización,MP-142092,Luna-Navarro,Especialización,Sandoval and Sons,,maria95@restrepo.com
EDU174,Profesional,MP-818040,Flórez-Ruiz,,"Carrillo, Gómez and Prada",,lizethrueda@munoz-contreras.biz
EDU175,Maestría,MP-177842,Córdoba Ltd,Maestría,"Martínez, Suárez and Cárdenas",,antonia36@rodriguez-pinzon.com
EDU176,Especialización,MP-119033,"Díaz, Barbosa and Sánchez",Especialización,López Inc,FORTALECIMIENTO A INSTANCIAS DE PARTICIPACION Y LIDERAZGO Y ADMINISTRACION PUBLICA,santiagoacosta@zambrano-hernandez.com
EDU177,Especialización,MP-420787,"Rentería, Betancur and Buitrago",Especialización,"Barrera, González and Morales",,romeroalexander@duran.org
EDU178,Profesional,MP-714390,"Pérez, Rodríguez and Mesa",,Serrano-Cruz,,nestor11@benitez-meneses.info
EDU179,Especialización,MP-138635,"Andrade, Fernández and Bermúdez",Especialización,Bonilla-Rojas,,qtriana@gonzalez-rodriguez.net
EDU180,Maestría,MP-900921,Murillo-Galindo,Maestría,"Monroy, Caro and Burbano",,rperea@ariza.com
EDU181,Profesional,MP-234869,Oviedo-Bustos,,"Luna, Gómez and Restrepo",,stella44@rodriguez.org
EDU182,Especialización,MP-313981,"Fernández, Murillo and Orozco",Especialización,Contreras-Erazo,,yeniferlondono@lopez.net
EDU183,Maestría,MP-712492,"Hernández, Carvajal and Díaz",Maestría,"Ocampo, Portilla and Vargas",,eduardo15@fernandez-gonzales.com
EDU184,Profesional,MP-938003,"Pacheco, Pérez and Quiroga",,"Flórez, Montoya and Rojas",,jhon41@mosquera-morales.net
EDU185,Especialización,MP-680466,Moreno Ltd,Especialización,"Medina, Ruiz and Flórez",CREACION Y ADMON DE EMPRESAS desarrollo e integracion fronteriza,luz80@narvaez.com
EDU186,Profesional,MP-745753,Flórez LLC,,Marín-Gómez,,edwin88@cantillo.biz
EDU187,Profesional,MP-913081,"Rodríguez, Angulo and García",,Gil Group,,fguerrero@fuentes.com
EDU188,Especialización,MP-655462,Quintero LLC,Especialización,"Molina, Jaimes and Caicedo",,jorgeperez@camargo.com
EDU189,Profesional,MP-123782,Cárdenas-Jiménez,,"Cruz, Rojas and Rodríguez",CREACION Y ADMON DE EMPRESAS,alvarezgina@morales.com
EDU190,Técnico,,Pineda Inc,,"Meza, López and Quintero",,villaandres@ortiz-jimenez.org
EDU191,Maestría,MP-989465,Vásquez and Sons,Maestría,Nieto-Mendoza,,eerazo@rodriguez-osorio.com
EDU192,Profesional,MP-357594,Pineda-Castillo,,Londoño-Bedoya,,johannarodriguez@castro.org
EDU193,Técnico,,Narváez-Guerra,,"Henao, García and Solano",CREACION Y ADMINISTRACION DE EMPRESAS,imurillo@salgado.com
EDU194,Especialización,MP-174740,Herrera-Velasco,Especialización,Zambrano-Barrios,FORTALECIMIENTO A INSTANCIAS DE PARTICIPACION Y LIDERAZGO,duarteolga@hurtado-diaz.info
EDU195,Técnico,,"Sierra, Hernández and Leal",,Martínez LLC,,garciasergio@jimenez-erazo.com
EDU196,Especialización,MP-912853,"Molano, Rueda and Hurtado",Especialización,"Martínez, Cortés and Daza",,pazoscar@franco-torres.com
EDU197,Profesional,MP-611083,"Gutiérrez, Espitia and Benítez",,Villamil-Castro,,alonsorodriguez@mesa.biz
EDU198,Especialización,MP-396037,Agudelo-Páez,Especialización,Ríos Ltd,,jose17@cruz-toro.com
EDU199,Especialización,MP-279838,Muñoz-González,Especialización,"Mendoza, Moreno and Mora",,paola61@mendez.com
EDU200,Profesional,MP-174813,Navarro-López,,"Ramos, Velásquez and Martínez",,esther33@hoyos.com
EDU201,Técnico,,Salas Ltd,,Salazar-Ávila,,cguevara@florez.info
EDU202,Profesional,MP-160428,Lozano-Mejía,,Tovar-Saavedra,,eliasbenitez@perez.com
EDU203,Especialización,MP-222258,Uribe-Cardona,Especialización,Ballesteros Ltd,,diazfernando@garcia-roa.com
EDU204,Profesional,MP-738836,Arias-Orozco,,Melo-Correa,,gonzalomaldonado@lopez.com
EDU205,Especialización,MP-345690,"Martínez, Martínez and Rojas",Especialización,"Ramírez, Sánchez and Lozano",GESTION PUBLICA,carmen80@rodriguez.com
EDU206,Especialización,MP-578007,"Escobar, Gómez and Gómez",Especialización,Rueda-González,,kcalderon@sanabria-moreno.net
EDU207,Maestría,MP-234832,"Acosta, Gutiérrez and Ávila",Maestría,"Carvajal, Ruiz and Oviedo",,mirandayeimy@cardona.net
EDU208,Técnico,,Pérez-Rivas,,Ramírez-Bautista,,nalfonso@guevara.info
EDU209,Especialización,MP-119816,Morales and Sons,Especialización,Morales Group,,kellymurillo@silva-castano.com
EDU210,Especialización,MP-814635,Rodríguez LLC,Especialización,Beltrán Group,,jhon06@guerrero-mesa.com
EDU211,Técnico,,Figueroa-Herrera,,Murcia-Rodríguez,,pmorales@delgado.com
EDU212,Especialización,MP-702567,Salazar-Ortega,Especialización,"Medina, Quintero and Pinto",,ana19@trujillo.com
EDU213,Especialización,MP-910208,"Melo, Alfonso and Agudelo",Especialización,Quintero PLC,,angulojorge@valencia.biz
EDU214,Profesional,MP-306940,Martínez and Sons,,Pérez-Rengifo,,yolanda05@gomez.info
EDU215,Profesional,MP-138765,Ospino Inc,,"Morales, Ochoa and Montoya","GESTION PUBLICA, ENCUESTAS POR MUESTREO Y CUENTAS NACIONALES",favila@nino.net
EDU216,Profesional,MP-872042,Quintero and Sons,,Cárdenas-Arias,CREACION Y ADMON DE EMPRESAS Y PARTICIPACION CIUDADANA,mariabenitez@rodriguez.com
EDU217,Profesional,MP-982470,"Montoya, Prada and Hernández",,"Rueda, Guerrero and Torres",,bernardo67@alvarez.com
EDU218,Especialización,MP-474710,Andrade-Duque,Especialización,Hernández Ltd,,luzortega@triana-rodriguez.com
EDU219,Especialización,MP-860129,"Flórez, Ramírez and García",Especialización,Ortega PLC,GESTION PUBLICA,marinahernandez@cortes.org
EDU220,Profesional,MP-980438,"Andrade, Serna and Salazar",,"Rodríguez, Castro and Ramírez","DIPLOMADOS EN:GESTION PUBLICA, EMPLEO PUBLICO Y NUEVOS INSTRUMENTOS DE GESTION HUMANA Y GESTIÓN POR COMPETENCIAS DEL TALENTO HUMANO",vrodriguez@calderon.biz
EDU221,Tecnólogo,,Vargas-Garzón,,Andrade-Rodríguez,APLICACIÓN DE LA METODOLOGIA BIT-PASE,hoyosmargarita@trujillo.net
EDU222,Profesional,MP-254249,Fernández-Hurtado,,"Castro, Barrios and López",,kcuesta@leal.info
EDU223,Especialización,MP-475960,Barrios Inc,Especialización,Escobar-Díaz,,gomezandres@carrillo-caceres.com
EDU224,Especialización,MP-826802,Gaviria-Díaz,Especialización,Narváez and Sons,,vasquezoscar@ardila.net
EDU225,Maestría,MP-885858,"Roa, González and López",Maestría,"Cifuentes, Garzón and Ardila",,enriqueparra@garcia-ortiz.com
EDU226,Profesional,MP-251878,"Núñez, Correa and Camargo",,Ocampo-Vélez,,jaramillojohn@cabrera.com
EDU227,Especialización,MP-323563,Flórez Ltd,Especialización,Guerra Inc,,miguelcuellar@bonilla.biz
EDU228,Profesional,MP-401648,Gutiérrez-Garcés,,"Gómez, López and Muñoz",,vromero@camacho-andrade.com
EDU229,Especialización,MP-632844,"López, Prada and Beltrán",Especialización,Guzmán Ltd,,carlospacheco@lopez-suarez.com
EDU230,Especialización,MP-398871,Tovar PLC,Especialización,Romero Ltd,,felipe19@perez-perez.com
EDU231,Especialización,MP-352764,Flórez-Gómez,Especialización,Ariza Inc,,josefacabrera@hernandez.biz
EDU232,Especialización,MP-474999,Mendoza-Ramírez,Especialización,Fernández-González,GESTION PUBLICA Y GERENCIA DE SISTEMAS DE GESTION DE CALIDAD EN EL SECTOR PUBLICO,maria71@rodriguez-salas.com
EDU233,Especialización,MP-254626,Díaz-Cruz,Especialización,Caicedo-Vélez,,jaimeshugo@mendoza-velez.com
EDU234,Profesional,MP-648884,Guerra LLC,,Manrique-Posada,,parradiana@restrepo.com
EDU235,Profesional,MP-479039,Alfonso-Castro,,"Chaparro, Ortiz and Sandoval",GESTION PUBLICA,pilar73@giraldo.biz
EDU236,Especialización,MP-778841,Delgado LLC,Especialización,Rojas LLC,,marialopez@arroyo.com
EDU237,Maestría,MP-969807,Díaz-Bautista,Maestría,"Espitia, González and Moreno",,xhurtado@pacheco.info
EDU238,Maestría,MP-482736,"Hernández, López and Fajardo",Maestría,Vélez-Betancur,,sara11@vargas.info
EDU239,Profesional,MP-339779,Rodríguez-Salazar,,Barrios-Martínez,,igonzalez@guevara.com
EDU240,Maestría,MP-433373,"Navarro, Pérez and Monsalve",Maestría,"Ruiz, Moreno and Díaz",,patricia53@cardona.com
EDU241,Maestría,MP-596758,Gómez-Alvarado,Maestría,Palacios-Cardozo,,ramirezlady@vasquez.com
EDU242,Maestría,MP-771447,"Flórez, Córdoba and Burgos",Maestría,Uribe PLC,,felipetamayo@fuentes-ramos.com
EDU243,Especialización,MP-664396,Navarro-Vargas,Especialización,Gallego-Pulido,,david89@villa.com
EDU244,Profesional,MP-640652,Pacheco-Cáceres,,Bejarano Ltd,,santiago85@daza.com
EDU245,Técnico,,Bedoya-Prieto,,Hoyos-Cantillo,,luis99@jimenez-gonzalez.com
EDU246,Especialización,MP-412023,López Group,Especialización,"Hernández, Navarro and Salazar",CONTRATACION ESTATAL /GESTION PUBLICA/INSTRUMENTACION SISMICA,ybustamante@duarte-moreno.com
EDU247,Técnico,,"Arias, Flórez and García",,Gómez Inc,,monroyines@loaiza-granados.biz
EDU248,Especialización,MP-734947,Manrique-Camargo,Especialización,"Velasco, Rojas and Vargas",,maribel28@daza-perez.com
EDU249,Técnico,,Medina Inc,,Vanegas LLC,GESTIÓN TRIBUTARIA,juanpalacios@perez.org
EDU250,Bachiller,,González-Muñoz,,Suárez Inc,,garciaivan@gomez-gonzalez.net
EDU251,Especialización,MP-943601,Bautista and Sons,Especialización,Ortiz Ltd,,hernandezjose@giraldo.com
EDU252,Profesional,MP-887494,Silva and Sons,,Gómez LLC,,david16@torres-daza.info
EDU253,Profesional,MP-684054,"Zapata, Ramírez and López",,"Vera, Sánchez and Quintero",,mendozacarlos@pena.biz
EDU254,Especialización,MP-301152,Rivera and Sons,Especialización,Ortega Group,,yuliana53@valencia.com
EDU255,Técnico,,"Rengifo, Rincón and Montoya",,Garcés-Quintero,,andresherrera@miranda-gonzalez.com
EDU256,Especialización,MP-354726,"Arias, Sánchez and Álvarez",Especialización,Ruiz Inc,GESTION PUBLICA Y ADMINISTRACION PUBLICA,fanny12@osorio-diaz.com
EDU257,Especialización,MP-126790,Hurtado LLC,Especialización,Ariza PLC,,vanegaswilliam@reyes.org
EDU258,Especialización,MP-880741,Salazar-Díaz,Especialización,"Díaz, Peña and Ramírez",,pereawilliam@hernandez-arango.com
EDU259,Profesional,MP-244931,"Prada, Gómez and Franco",,Correa Group,,maria90@gutierrez-sepulveda.biz
EDU260,Profesional,MP-551558,"Rojas, Velasco and Camargo",,"Suárez, López and Patiño",,pachecoisabel@cortes.net
EDU261,Tecnólogo,,Díaz-Chaparro,,Marín-Silva,,luis06@villamil-zambrano.com
EDU262,Profesional,MP-500584,"González, Gamboa and Valencia",,"Narváez, Gómez and Medina",,asandoval@castellanos.info
EDU263,Tecnólogo,,"Rodríguez, López and Perdomo",,Mejía Group,"DIPLOMADOS EN: EMPRENDIMIENTO Y GESTION SOCIAL, EMPRENDIMIENTO CULTURA, EN VIGIAS DEL PATRIMONIO CULTURAL Y GESTION DE PROYECTOS DE INVERSION PUBLICA Y REGALÍAS",diazmanuel@martinez.com
EDU264,Profesional,MP-529667,"González, Pérez and Ramírez",,Torres-Ochoa,GESTION PUBLICA Y GESTIÓN PÚBLICA TERRITORIAL,norbeyparra@marquez-henao.biz
EDU265,Profesional,MP-357218,Bonilla-Castro,,"Castañeda, Vega and Tovar",DIPLOMADOS EN: MUJER Y GENERO Y ADMINISTRACION PUBLICA,moralesalejandra@hurtado.com
EDU266,Especialización,MP-767304,"Quintero, Correa and González",Especialización,"González, Cruz and Fonseca",,hurtadoana@caballero-mendez.com
EDU267,Especialización,MP-194377,Sánchez Inc,Especialización,Pérez LLC,CONTRATACION ESTATAL Y DOCENCIA UNIVERSITARIA,alexander90@espitia.com
EDU268,Maestría,MP-302503,"Ochoa, Martínez and Rincón",Maestría,Álvarez-Quintero,,lauravalderrama@vargas.info
EDU269,Maestría,MP-157775,Beltrán-Ospina,Maestría,Suárez and Sons,,ortegaesteban@molina.com
EDU270,Profesional,MP-151226,Herrera Ltd,,"Yepes, Padilla and Contreras",,ramirezedwin@mosquera.org
EDU271,Especialización,MP-642642,Burgos Ltd,Especialización,"Páez, Muñoz and Morales",HORTICULTURA DE CLIMA FRIO,johana85@contreras-patino.com
EDU272,Maestría,MP-656690,Méndez LLC,Maestría,Sánchez Ltd,,luismunoz@garcia.org
EDU273,Especialización,MP-789944,Hernández-Perdomo,Especialización,Bedoya Ltd,,ygarcia@ariza.com
EDU274,Maestría,MP-600328,Hernández-Sierra,Maestría,Medina PLC,GESTIÓN PUBLICA,andres87@guevara.org
EDU275,Maestría,MP-521947,Becerra PLC,Maestría,Martínez Inc,,corredorjulieth@diaz.com
EDU276,Especialización,MP-851883,Quintero LLC,Especialización,Quintero Inc,CONTRATACION,pilar08@galindo.com
EDU277,Maestría,MP-757011,"Pulido, Pineda and Álvarez",Maestría,"Barbosa, Pérez and Giraldo",,rardila@arango.org
EDU278,Maestría,MP-179973,Ramírez LLC,Maestría,Moreno-Giraldo,,enrique52@henao.com
EDU279,Especialización,MP-260761,"Suárez, Hernández and Chávez",Especialización,"Flórez, Valencia and Corredor",,mbermudez@herrera.info
EDU280,Profesional,MP-168803,"Arias, Ortiz and Garcés",,Perdomo-Lozano,,tamayojair@mora.com
EDU281,Especialización,MP-720307,Osorio-Barrios,Especialización,Palacios Group,CONSTRUCCION DE CASAS SISMO RESISTENTES DE UNO Y DOS PISOS,emiliaparra@jaimes-uribe.com
EDU282,Especialización,MP-928533,Uribe Ltd,Especialización,"Mosquera, López and Ávila",,ximena01@arias-ramirez.com
EDU283,Profesional,MP-126086,Parra Group,,Rivas LLC,,alejandrachacon@moreno.org
EDU284,Técnico,,Arteaga-Gómez,,"Bermúdez, Escobar and Pérez","DIPLOMADOS EN: GESTION PUBLICA, DESARROLLO LOCAL Y COOPERACION INTERNACIONA, GESTION DE PROYECTOS DE INVERSION PUBLICA Y REGALIAS, TRANSFERENCIA METODOLOGICA PARA LA CREACION DE REDES EMPRESARIALES",miguel23@gomez.net
EDU285,Tecnólogo,,Pinto-Cabrera,,Giraldo and Sons,,camilo43@avila.biz
EDU286,Tecnólogo,,Suárez LLC,,Suárez-Gómez,,zmoreno@garcia.biz
EDU287,Especialización,MP-205423,"Caballero, Buitrago and Guzmán",Especialización,"Campo, Londoño and Pérez",,jhernandez@castillo-jimenez.biz
EDU288,Profesional,MP-965566,Montoya Ltd,,Rodríguez PLC,,llopez@lara.info
EDU289,Profesional,MP-829903,"Benavides, Ruiz and Suárez",,"González, Miranda and Jaimes",,dorisherrera@guzman.info
EDU290,Especialización,MP-232717,Gómez-Medina,Especialización,"Valencia, Gómez and Soto",,wperez@mejia.com
EDU291,Profesional,MP-863799,Rojas Inc,,"Giraldo, Gómez and Ramos","SIMULACION DE REDES DE DISTRIBUCION, GESTION PUBLICA Y HERRAMIENTAS INFORMATICAS",yaneth73@lozano.com
EDU292,Maestría,MP-664798,Reyes-Ortiz,Maestría,"Contreras, Sierra and López",ESPECIAÑIZACION EN GETION AMBIENTA Y EN TALENTO HUMANO POR COMPETENCIAS,fmartinez@quintero-mantilla.com
EDU293,Especialización,MP-416480,"Ibarra, Gómez and Giraldo",Especialización,"Castillo, Molina and Rosero",,cmunoz@rodriguez.info
EDU294,Especialización,MP-478892,Valencia-López,Especialización,Zapata Inc,,dvelez@aguirre.com
EDU295,Bachiller,,Benavides-Ávila,,"Rosero, Mesa and García",DOCENCARIA UNIVERSITARIA,arueda@garcia.com
EDU296,Tecnólogo,,"Gómez, Cárdenas and Rojas",,"Martínez, Orozco and Ruiz",,malvarez@silva.net
EDU297,Especialización,MP-194475,Ramos-Mosquera,Especialización,Padilla-Rodríguez,,garciaedilberto@vera.info
EDU298,Profesional,MP-761450,Parra LLC,,Correa PLC,,ggil@palacio.biz
EDU299,Profesional,MP-735232,Cruz and Sons,,Castro Group,,ricoluz@castillo.biz
EDU300,Profesional,MP-201459,Ramírez-Pinto,,Daza Ltd,,ignacio78@perez.org
EDU301,Profesional,MP-427231,Hernández-Camargo,,Henao and Sons,,arenasnury@ibarra.net
EDU302,Maestría,MP-845182,Garzón-Ávila,Maestría,"Valencia, Bermúdez and Torres",,montoyaanibal@villamizar.com
EDU303,Profesional,MP-223257,Calderón-Gómez,,Zapata and Sons,ADMINISTRACION MUNICIPAL,patriciamosquera@bustos-orozco.com
EDU304,Profesional,MP-792095,Villa PLC,,Rueda-Sandoval,,reyesviviana@contreras.info
EDU305,Profesional,MP-167695,"Duarte, Díaz and Vélez",,Castaño-Muñoz,,acalderon@velez.net
EDU306,Especialización,MP-724771,Pérez PLC,Especialización,Vergara Inc,DIPLOMADOS EN: SISTEMA INTEGRAL E INTEGRADO DE ATENCION SOCIAL Y SANITARIA EN DROGODEPENDENCIAS DESDE LA ATENCION PRIMARIA Y SEGUIMIENTO Y EVALUACION DE POLITICAS PUBLICAS EN EL NIVEL TERRITORIAL,asuarez@zambrano-chacon.biz
EDU307,Especialización,MP-245016,Díaz-Medina,Especialización,Salcedo-Martínez,DIPLOMADO EN ADMINISTRACION PUBLICA,mariadiaz@barragan-castrillon.net
EDU308,Especialización,MP-571027,Delgado PLC,Especialización,"Anaya, González and González",METODOLOGIA BIT PASE Y FORMACION DE LIDERES DE CALIDAD,svargas@forero.com
EDU309,Profesional,MP-811028,Rueda-Correa,,Ibarra Group,,xfranco@martinez.com
EDU310,Especialización,MP-125939,Serrano-García,Especialización,Garzón PLC,,orlando90@palacios-alvarez.info
EDU311,Tecnólogo,,Londoño-Zuluaga,,"Ballesteros, Romero and Vásquez",,gmosquera@soto.net
EDU312,Especialización,MP-214914,"Burbano, Torres and Parra",Especialización,"Guerra, Montes and Gutiérrez",,nubia01@loaiza.com
EDU313,Profesional,MP-646015,"Arias, Londoño and Mora",,Morales-Sánchez,,hernandezangel@gamboa-valencia.com
EDU314,Profesional,MP-351051,Carrillo Inc,,Soto and Sons,,claudiarodriguez@beltran.com
EDU315,Especialización,MP-808662,"García, Ramírez and Jaramillo",Especialización,"Guerrero, Bedoya and Pardo",DIPLOMADOS EN: GESTION DE LA INVERSION PUBLICA Y ADMINISTRACION PUBLICA,maria58@gomez.net
EDU316,Profesional,MP-654399,"Jaramillo, Gallego and Hernández",,"Villamizar, Benítez and Martínez",,cmurillo@londono.info
EDU317,Profesional,MP-176898,Córdoba-Rodríguez,,Rodríguez-Torres,,jesusgarcia@cordoba.biz
EDU318,Tecnólogo,,Pinto-Rojas,,Vargas-Espinosa,,cristian11@suarez-mejia.com
EDU319,Maestría,MP-840829,Díaz LLC,Maestría,"González, Benavides and Rueda",DIPLOMADO EN ADMINISTRACION PUBLICA,corredoryesid@guerrero-cardona.com
EDU320,Profesional,MP-600531,"Cárdenas, Pérez and Mosquera",,Sánchez-González,DIPLOMADO EN GESTION PUBLICA,zapatacarolina@espitia.com
EDU321,Técnico,,"Martínez, Castaño and Rodríguez",,"Gil, Muñoz and Manrique",DIPLOMADO REGIONAL EN GESTION DEL CONOCIMIENTO,evanegas@salgado-bejarano.org
EDU322,Maestría,MP-963349,"Hernández, Velasco and Cerón",Maestría,"Barrera, Martínez and Chávez",,magnolia39@beltran.com
EDU323,Maestría,MP-694316,"Angulo, Castro and Duque",Maestría,Duarte-Jiménez,,dochoa@bernal.com
EDU324,Profesional,MP-492720,"Cruz, Castaño and González",,Mosquera PLC,,luciavega@medina.com
EDU325,Tecnólogo,,Herrera-Ospina,,Giraldo-Díaz,DIPLOMADOS EN GESTION PUBLICA Y CODIGO DE PROCEDIMIENTO ADMINISTRATIVO Y DE LO CONTENCIOSO ADMINISTRATIVO,fernandoarenas@villamil.com
EDU326,Especialización,MP-997048,Sandoval LLC,Especialización,Sánchez-Aguilar,,hectorduran@gomez.com
EDU327,Profesional,MP-170313,"Ruiz, Montes and León",,"Ospina, Cuesta and Hernández",,gloriarodriguez@nunez.org
EDU328,Técnico,,"Arévalo, Vanegas and Contreras",,Fernández-Guerrero,,omoreno@buitrago-angulo.net
EDU329,Maestría,MP-276072,Medina Ltd,Maestría,"Hernández, Ramírez and Valencia",DIPLOMADO EN FORTALECIMIENTO DE COMPETENCIAS PARA LAADMINISTRACION DE SISTEMAS DE GESTION Y GESTION DE PROYECTOS DE INVERSION PUBLICA Y REGALIAS,andreasuarez@parra.net
EDU330,Maestría,MP-667376,"Franco, Gómez and Cabrera",Maestría,Portilla-Martínez,GESTION PUBLICA Y GESTION DE PROYECTOS DE INVERSION,linaarteaga@ortega.biz
EDU331,Profesional,MP-770396,Duarte-Quintero,,Suárez PLC,,hpedraza@sanchez.org
EDU332,Especialización,MP-671139,Ceballos-Vanegas,Especialización,Erazo Group,,luciacarvajal@ocampo.net
EDU333,Maestría,MP-209945,"Oviedo, Montes and Rodríguez",Maestría,Buitrago-Montenegro,DIPLOMADOS EN: GESTION PUBLICA Y ADMINISTRACION PUBLICA,garciadaniela@perez.com
EDU334,Especialización,MP-730075,"Molina, Rojas and Romero",Especialización,Ortiz-Barbosa,,ivan14@sanchez.com
EDU335,Especialización,MP-610736,Peña-Cáceres,Especialización,López and Sons,DOCENCIA UNIVERSITARIA y METODOLOGIA BIT-PASE,luisa51@murillo.net
EDU336,Maestría,MP-820777,Rojas-Luna,Maestría,Becerra Inc,,emmapinto@camargo.com
EDU337,Especialización,MP-853704,"García, Castro and Ortiz",Especialización,Romero Group,,riosluz@ardila.com
EDU338,Maestría,MP-554137,Díaz Group,Maestría,Barragán Ltd,PERIODISMO DEPORTIVO,ricardo86@ramirez-vera.com
EDU339,Profesional,MP-865348,Hoyos Group,,"Córdoba, Rueda and López",,kserrano@rodriguez.com
EDU340,Maestría,MP-802965,Díaz-Alarcón,Maestría,Angulo-Nieto,,ocorrea@prieto.com
EDU341,Especialización,MP-986089,"Acosta, Ortega and Gómez",Especialización,Ramos Ltd,,flor99@roa.com
EDU342,Profesional,MP-158478,Díaz-Agudelo,,Pérez-Acevedo,PRODUCCION AGROPECUARIA SOSTENIBLE,paradaangela@fonseca-gallego.org
EDU343,Maestría,MP-520182,Acosta-López,Maestría,Restrepo-Rodríguez,GESTION PUBLICA,ariasjuan@arias-salazar.com
EDU344,Maestría,MP-743907,Ballesteros Group,Maestría,"Mercado, Ortiz and Gómez",HORTICULTURA DE CLIMA FRIO,rodriguezaurora@buitrago.com
EDU345,Maestría,MP-273895,"García, Arango and Cuesta",Maestría,Bejarano and Sons,,castanoandres@cuesta-pacheco.biz
EDU346,Profesional,MP-976141,"Narváez, Ramos and López",,González PLC,DOCENCIA PARA LA EDUCACION SUPERIOR,qangulo@parra.net
EDU347,Especialización,MP-649639,Aguirre-Sánchez,Especialización,"Morales, Ruiz and Osorio",,dianabeltran@ruiz.com
EDU348,Profesional,MP-430814,Álvarez LLC,,Cardona-Salgado,,carrilloyolanda@zambrano.com
EDU349,Especialización,MP-903451,"Sánchez, Hurtado and Ruiz",Especialización,"Caro, Martínez and Giraldo",,mariohernandez@garcia-carrillo.com
EDU350,Especialización,MP-986559,"Gómez, Parra and Castillo",Especialización,"Mora, Vargas and Gutiérrez",SIMULACION DE REDES DE DISTRIBUCION DE AGUA POTABLE BASADA EN EL SOFTWARE EPANET Y GESTION PUBLICA,luzfernandez@franco.org
EDU351,Profesional,MP-260775,González Inc,,Caro Group,"DIPLOMADOS EN: GESTION PUBLICA, CONTRATACION ESTATAL Y ADMINISTRACION PUBLICA",pgarcia@cardenas-angarita.com
EDU352,Especialización,MP-462462,"Barbosa, Gutiérrez and Sánchez",Especialización,Cruz LLC,,acostalucia@sanchez-rodriguez.net
EDU353,Profesional,MP-761948,"Ortiz, Blanco and Tamayo",,"Sarmiento, Rojas and Duarte",CREACION Y ADMON DE EMPRESAS,ariasgloria@garcia-vargas.com
EDU354,Especialización,MP-790907,"Restrepo, Cortés and Pinto",Especialización,Álvarez Group,,luis32@camacho.info
EDU355,Maestría,MP-950350,Cortés-García,Maestría,Polo-Mendoza,,nohora01@pulido.com
EDU356,Tecnólogo,,Cifuentes Inc,,"Díaz, Rodríguez and Mosquera",DIPLOMADOS EN: EMPLEO PUBLICO Y NUEVOS INSTRUMENTOS DE GESTION HUMANA,ovidiovelez@meneses-lopez.com
EDU357,Maestría,MP-447860,Marín LLC,Maestría,Castañeda-Carrillo,,julianvillamil@torres.info
EDU358,Especialización,MP-242055,Córdoba Group,Especialización,"Henao, Torres and Vargas",,wramirez@espinosa-rincon.net
EDU359,Profesional,MP-311810,"Giraldo, Arias and Flórez",,Marín LLC,,tbenitez@ortega-lara.com
EDU360,Especialización,MP-626549,Hernández-Narváez,Especialización,"Cardona, Moreno and Garcés",GESTION PUBLICA Y CONTRATACION ESTATAL,bhenao@guerra.biz
EDU361,Profesional,MP-211715,Guerrero-Vélez,,Sandoval LLC,,gabrielfajardo@bernal.com
EDU362,Profesional,MP-351451,"Ibarra, Mantilla and Quintero",,"Santos, Rueda and Mejía",,maria41@herrera.com
EDU363,Especialización,MP-128141,"Montes, Bautista and Alarcón",Especialización,López Ltd,,luisaprada@gomez.com
EDU364,Profesional,MP-706177,Velásquez LLC,,Pérez PLC,"DIPLOMADOS EN: GESTION PUBLICA, DERECHO DISCIPLINARIO, CONTROL FISCAL PARTICIPATIVO Y CONTRATACION ESTATAL Y GESTION PUBLICA",mariaceron@salazar.org
EDU365,Profesional,MP-513523,"Carmona, Hernández and Rubio",,"Castrillón, Guerrero and Naranjo",DIPLOMADOS EN: GESTION PUBLICA Y ADMINISTRACION PUBLICA,sofia47@parada-moreno.com
EDU366,Profesional,MP-152921,Quintero PLC,,Arévalo LLC,,gloria01@moreno.com
EDU367,Especialización,MP-651216,Garzón-Martínez,Especialización,"Parra, Rodríguez and Tamayo",,fanny62@hurtado.com
EDU368,Especialización,MP-471233,Arteaga Inc,Especialización,Romero PLC,,penaalexis@torres.org
EDU369,Especialización,MP-403571,"Marín, Arévalo and Calderón",Especialización,Fernández-Rincón,,navarroandres@castro.com
EDU370,Profesional,MP-970678,"Serrano, Guerrero and Guerrero",,Parra PLC,"DIPLOMADOS EN: GERENCIA DE SISTEMAS INTEGRADOS HESQ, ATENCION INTEGRADA A LAS ENFERMEDADES PREVALENTES DE LA INFANCIA Y VERIFICADORES DE CONDICIONES DE HABILITACION DE IPS",fuentesluz@hoyos-caballero.com
EDU371,Maestría,MP-446130,González-Guerrero,Maestría,Gómez-Barrios,,aguzman@hernandez-correa.com
EDU372,Profesional,MP-668020,Sierra-Osorio,,"Escobar, Peña and López",,vangarita@vasquez.com
EDU373,Profesional,MP-308432,"Parra, Díaz and Arias",,Sepúlveda-Alzate,,ugomez@velasquez.com
EDU374,Profesional,MP-470965,Rico and Sons,,Villegas-Ortega,,sandracardona@trujillo.com
EDU375,Técnico,,Páez-Vega,,Páez-Marín,ACREDITACIÓN,cortesisabel@castro.com
EDU376,Tecnólogo,,"Jiménez, Rubio and Sánchez",,Molina Group,,leonardo01@rodriguez-vargas.com
EDU377,Maestría,MP-361691,Guerrero-López,Maestría,Páez-Arias,VERIFICADOR DE LAS CONDICIONES DE HABILITACIÓN DE PRESTADORES DE SERVICIOS DE SALUD,ycabrera@arias.net
EDU378,Profesional,MP-155147,Daza PLC,,Aguilar LLC,,carlosgutierrez@mora-torres.com
EDU379,Profesional,MP-667829,Quiroz-Hernández,,Alvarado-Guerra,,juliethgomez@arevalo.net
EDU380,Maestría,MP-895928,Angulo Group,Maestría,"Camacho, Flórez and Romero",,elena23@alfonso-perez.com
EDU381,Profesional,MP-987474,Guerrero PLC,,López-Torres,"SALUD OCUPACIONAL, EQUIPOS NACIONALES DE INTERVENCION PARA DESASTRES Y LIDERES EN SEGURIDAD, SALUD Y AMBIENTE",patricia58@yepes.com
EDU382,Profesional,MP-933731,Hernández-Martínez,,Calderón Group,,andrea64@mendoza.com
EDU383,Profesional,MP-242980,Ramírez LLC,,"Corredor, Rendón and Muñoz",,camilaparra@cortes.com
EDU384,Profesional,MP-732336,Bravo Inc,,"Escobar, Fernández and Molina",,cortesjorge@garcia.com
EDU385,Profesional,MP-574013,Valencia Ltd,,"Sánchez, Delgado and Moreno",,hernan64@villamizar.com
EDU386,Especialización,MP-605659,"Silva, Díaz and Cabrera",Especialización,Sánchez and Sons,,andres08@lara-guerra.com
EDU387,Profesional,MP-119675,"Pérez, Torres and García",,Ramos PLC,,gustavo04@rosero.info
EDU388,Profesional,MP-687100,Acevedo and Sons,,Ramírez-Galeano,,agiraldo@gomez.org
EDU389,Especialización,MP-456992,"Espitia, Hernández and Martínez",Especialización,Díaz-Silva,,egutierrez@arias.org
EDU390,Especialización,MP-352164,Hernández-Cabrera,Especialización,"Álvarez, Romero and Torres",,davidbernal@rodriguez-prada.com
EDU391,Profesional,MP-123284,Gómez Ltd,,"Gómez, Bedoya and Gaviria",,gonzalezluz@rendon.info
EDU392,Especialización,MP-190272,"Pinto, Oviedo and Suárez",Especialización,"Moreno, Palacio and Giraldo",,diazgustavo@salamanca.com
EDU393,Técnico,,"González, Lozano and Guerrero",,"Velandia, Sánchez and García",,laraalexis@bonilla.com
EDU394,Técnico,,Hernández-Blanco,,Marín LLC,,david55@naranjo.com
EDU395,Maestría,MP-839290,Ávila PLC,Maestría,Palacios-Palacios,PROMOCION DE LA SALUD Y PREVENCION DE LA ENFERMEDAD,rosadiaz@murcia-acosta.org
EDU396,Maestría,MP-631089,Álvarez-Vera,Maestría,Restrepo-Mercado,,alejandrobonilla@lopez.info
EDU397,Profesional,MP-308124,Orozco-Medina,,Rodríguez Inc,,alvaradomarina@moreno.com
EDU398,Profesional,MP-792797,"Andrade, Montoya and Bohórquez",,Osorio-Pérez,,raulmeneses@suarez.com
EDU399,Técnico,,Pinto-Rodríguez,,Rodríguez-Vargas,,oscar96@morales.biz
EDU400,Técnico,,Muñoz-Calderón,,Bustos LLC,,ycardona@diaz.info
EDU401,Técnico,,López-Quintero,,"Arrieta, Valencia and Barragán",,luis97@hernandez.com
EDU402,Profesional,MP-710704,Cardona-Cortés,,López-López,,sandra04@mosquera-ortiz.com
EDU403,Maestría,MP-769416,"Hurtado, Ortega and Roa",Maestría,"Portilla, Cortés and Guerrero",DIRECCION Y GESTION DE LAS ORGANIZACIONES DEPORTIVAS,germancifuentes@ramos-soto.net
EDU404,Especialización,MP-110749,Vargas-Villa,Especialización,"Barbosa, Herrera and Castillo",,mariana18@arenas.com
EDU405,Profesional,MP-200734,Sánchez Ltd,,"Ortiz, Rodríguez and Torres",,vmartinez@alvarez.com
EDU406,Profesional,MP-962371,"Meza, Ruiz and Buitrago",,Mosquera Ltd,DIPLOMADO EN LIDERAZFO GESTION DE MAPAS DE CONOCIMIENTO REGIONAL,castanedapedro@maldonado.com
EDU407,Especialización,MP-863185,"Padilla, Caballero and Quintero",Especialización,Ariza Inc,GESTION PUBLICA,jorge47@tamayo-gallego.org
EDU408,Maestría,MP-194071,Osorio LLC,Maestría,Giraldo-Pinto,DIPLOMADO EN GESTION PUBLICA CAP SECRETARIA GENERAL,isabeldiaz@suarez.com
EDU409,Maestría,MP-683609,"Castañeda, Patiño and Restrepo",Maestría,Ramos PLC,,patinowilliam@paz-gonzalez.info
EDU410,Profesional,MP-367552,"Pérez, Castellanos and Yepes",,"Romero, Blanco and Acevedo",,lalvarez@parra.com
EDU411,Técnico,,Zapata Ltd,,Cardona-Mendoza,,salazarvalentina@ortiz.biz
EDU412,Especialización,MP-889177,Rivera and Sons,Especialización,"Hernández, Acevedo and Suárez",,agomez@avila-delgado.com
EDU413,Maestría,MP-202974,Salazar Inc,Maestría,Fonseca-Duarte,GESTION PUBLICA,martinezmyriam@oviedo.com
EDU414,Especialización,MP-489678,Mejía-Barragán,Especialización,González-Delgado,,manuel70@bedoya-valderrama.com
EDU415,Especialización,MP-896948,Valencia-Sánchez,Especialización,Cano and Sons,GESTION PUBLICA Y GESTIÓN ADMINISTRATIVA Y CONTABLE,milena77@silva-uribe.com
EDU416,Especialización,MP-738112,"Fernández, Ramírez and Guerra",Especialización,"Bohórquez, Mejía and Restrepo",,sernaarbey@ochoa.com
EDU417,Especialización,MP-694604,Jiménez-Rueda,Especialización,Guerrero-Granados,CREACION Y ADMON DE EMPRESAS Y SECRETARIADO GENERAL,medinaruth@velez.com
EDU418,Especialización,MP-568933,Páez-Prieto,Especialización,Hernández-Valencia,,martinezhector@giraldo-guerra.info
EDU419,Especialización,MP-234055,"Vargas, Duque and Meza",Especialización,Rodríguez-Pérez,,alejandraperez@garcia-moreno.com
EDU420,Profesional,MP-726759,Benavides Group,,Pabón LLC,,gladisbenavides@meneses-lozano.com
EDU421,Especialización,MP-855678,"Guerrero, Hernández and Torres",Especialización,Caballero Inc,,edgar48@rodriguez.info
EDU422,Profesional,MP-189613,"Cruz, Escobar and Mejía",,Ortega-Vargas,,diazedith@correa.com
EDU423,Técnico,,"Ortiz, Sanabria and Benavides",,"Arenas, Gutiérrez and Solano",,victoracosta@lopez.com
EDU424,Profesional,MP-759792,"Parra, Gómez and Gaviria",,Ortega-Peña,GESTION PUBLICA Y CAP SECRETARIA GENERAL,andrea34@estrada.info
EDU425,Especialización,MP-450877,"Lara, Salazar and Buitrago",Especialización,Vargas-Henao,"DIPLOMADO EN GESTION PUBLICA/CAP SECRETARIADO, DIPLOMADOS EN; FORTALECIMIENTO DE COMPETENCIAS PARA LA ADMINISTRACION DE SISTEMAS DE GESTION, FINANZAS PUBLICAS Y PRESUPUESTO Y EN DERECHOS HUMANOS CON ENFASIS EN TRATA Y TRAFICO DE PERSONAS",marinatorres@ordonez-garcia.com
EDU426,Especialización,MP-864757,Figueroa PLC,Especialización,"Cerón, Perea and Silva",,alonso20@romero.com
EDU427,Profesional,MP-700517,Rico-Alarcón,,Morales PLC,,joangomez@vega.com
EDU428,Técnico,,Hernández Ltd,,Ortiz PLC,,rodriguezdany@medina.com
EDU429,Profesional,MP-986040,"Sánchez, García and Ortiz",,"Ramírez, Orozco and García","LIDERAZGO Y DEMOCRACIA, GESTION PUBLICA Y CREACION Y ADMINISTRACION DE EMPRESAS",alexander00@hernandez-cuellar.net
EDU430,Maestría,MP-226161,Bedoya and Sons,Maestría,Lozano Inc,,mariamoreno@bedoya.com
EDU431,Profesional,MP-538774,Carvajal Ltd,,"Giraldo, Velandia and Fuentes",,griascos@lozano.com
EDU432,Especialización,MP-887715,"García, Cárdenas and Gómez",Especialización,"Parra, Silva and Salazar",,vargaskarol@pena.com
EDU433,Tecnólogo,,Arias-Santos,,Castillo and Sons,,erodriguez@martinez.com
EDU434,Profesional,MP-788281,"Fernández, Garcés and López",,Rincón-Martínez,,sanchezmaria@arias.info
EDU435,Maestría,MP-635590,"Quintero, Vargas and Montoya",Maestría,"Ojeda, Meneses and Benavides",,marcela50@mercado.com
EDU436,Tecnólogo,,"Orozco, Montes and Ospina",,Hernández LLC,,lilianaalarcon@gil.com
EDU437,Especialización,MP-557828,Bautista-Pulido,Especialización,Torres Group,,fmartinez@franco.com
EDU438,Profesional,MP-935869,Guevara and Sons,,Franco-Rangel,,cruzadriana@leon.net
EDU439,Profesional,MP-870746,Morales-Quiroga,,Calderón Ltd,,felixsanchez@buitrago.com
EDU440,Especialización,MP-436907,"Cabrera, Contreras and Suárez",Especialización,Roa-Pineda,,michaelordonez@gomez.net
EDU441,Bachiller,,Rodríguez Group,,Ramírez Ltd,,drios@ortiz.info
EDU442,Especialización,MP-212782,Chaparro-Pérez,Especialización,"Contreras, Hernández and Luna",,rubioerika@luna.com
EDU443,Profesional,MP-979989,"Camacho, Guzmán and Mosquera",,"Ríos, Serna and Palacios",DIPLOMADO EN GESTION DE BIBLIOTECAS PUBLICAS,oscarjimenez@garzon.org
EDU444,Especialización,MP-517168,Bejarano-Velásquez,Especialización,"Bolaños, Gil and Torres",,diazjorge@cortes.com
EDU445,Profesional,MP-507688,"Murillo, Castañeda and Palacios",,"García, Barragán and Ayala",GESTION PUBLICA,pedrocastellanos@castellanos-escobar.com
EDU446,Profesional,MP-762212,Rodríguez-Castillo,,"Ochoa, Paz and Gómez","DIPLOMADOS EN: GESTION DE PROYECTOS DE INVERSION PUBLICA Y REGALIAS, INSPECCION, CONTROL E INTERVENCION EN ASEGURAMIENTO Y FORTALECIMIENTO INSTITUCIONAL DEL REGIMEN SUBSIDIADO EN SALUD",ysanabria@palacios.com
EDU447,Maestría,MP-784647,"Alarcón, Valencia and Zambrano",Maestría,Restrepo-García,GESTION PUBLICA,vflorez@ordonez-medina.com
EDU448,Profesional,MP-699991,"Mesa, Arango and Benavides",,"Parra, Ramírez and Suárez",,ferney04@leon.com
EDU449,Profesional,MP-802974,Uribe-Valencia,,López-Salamanca,,duban06@vanegas.org
EDU450,Profesional,MP-953088,Bermúdez-Rodríguez,,Ayala Inc,CAP SECRETARIA GENERAL Y GESTION PUBLICA,gonzalezcarlos@aguilar-ortiz.com
EDU451,Profesional,MP-104809,"Escobar, Hernández and Perea",,Cabrera PLC,,patriciaramirez@arrieta-riascos.biz
EDU452,Maestría,MP-781777,"Ariza, Yepes and Moreno",Maestría,Hernández-Moreno,,miguel82@jaramillo.com
EDU453,Técnico,,"García, Campo and Rodríguez",,Saavedra-Hernández,,djimenez@zapata.com
EDU454,Especialización,MP-945633,López PLC,Especialización,Rivera PLC,TRABAJADOR CALIFICADO EN SECRETARIADO GENERAL,magalysandoval@rodriguez.com
EDU455,Especialización,MP-500511,Puentes Group,Especialización,Rodríguez Group,,edith16@bautista-perez.net
EDU456,Tecnólogo,,"Quintero, Mena and Camacho",,"Barrera, Ardila and Salazar",CAP SECRETARIA GENERAL,cmercado@marin.info
EDU457,Especialización,MP-228322,"Blanco, Agudelo and Aguilar",Especialización,"Sarmiento, Romero and Mesa",,agudelojuan@posada.com
EDU458,Bachiller,,"Escobar, Giraldo and Castellanos",,Velasco-Pérez,,yamileruiz@mendoza.com
EDU459,Profesional,MP-998254,Lozano PLC,,Patiño-Ordóñez,AUXILIAR DE CONTABILIDAD,urodriguez@mesa.info
EDU460,Especialización,MP-435441,Orozco-Barragán,Especialización,Sánchez-Corredor,,lcortes@lopez.net
EDU461,Bachiller,,Mendoza-Mora,,"Mejía, Sánchez and Posada",CAP SECRETARIA GENERAL,luisaocampo@angarita.biz
EDU462,Maestría,MP-157993,Rivera-Gómez,Maestría,Palacios Ltd,DIPLOMADO EN GESTION PUBLICA,diazgloria@rodriguez.net
EDU463,Maestría,MP-787995,Ospina-Perdomo,Maestría,Caicedo-González,"CREACION Y ADMINISTRACION DE EMPRESAS, CAP SENA E INFORMATICA Y COMPUTACION",roseroines@castro.com
EDU464,Tecnólogo,,Bolaños PLC,,"González, Rojas and Ortega",,aariza@sanchez.info
EDU465,Profesional,MP-819401,"Zambrano, Osorio and Campo",,Gómez LLC,DIPLOMADOS EN: INFORMACION TURISTICA PARA OPERADORES Y PRESTADORES DE SERVICIOS TURISTICOS Y FORTALECIMIENTO DE COMPETENCIAS PARA LA ADMINISTRACION DE SISTEMAS DE GESTION,bcaro@gonzalez.com
EDU466,Profesional,MP-728880,"Vargas, Sepúlveda and Andrade",,"Ramírez, Suárez and Restrepo",,ayalajhon@andrade.info
EDU467,Profesional,MP-367986,"Fuentes, Herrera and Hoyos",,Solano-Serrano,,gaitanmaria@murillo-salcedo.biz
EDU468,Profesional,MP-669936,"Aguirre, Rosero and Uribe",,Guzmán Inc,,german06@gonzalez-correa.org
EDU469,Especialización,MP-787220,Valencia-Amaya,Especialización,Montenegro PLC,,ruth61@morales.biz
EDU470,Maestría,MP-869666,"Carmona, Ramírez and Solano",Maestría,"Meneses, Cárdenas and Pinzón",GESTION PUBLICA Y CAP SECRETARIA GENERAL,milenaduarte@sarmiento.net
EDU471,Maestría,MP-950163,Guzmán-Cantillo,Maestría,Pérez LLC,,stiven85@cardona-becerra.biz
EDU472,Profesional,MP-301260,"Rincón, Palacios and Palacios",,"Cuéllar, Romero and Benavides",GESTION PUBLICA,mariagaleano@pineda-mosquera.com
EDU473,Profesional,MP-477539,García-Cuéllar,,"Morales, Erazo and Prieto",CREACION Y ADMINISTRACION DE EMPRESAS,santiagorivas@bejarano.com
EDU474,Maestría,MP-924143,Torres LLC,Maestría,Rivera Ltd,GESTION PUBLICA,alejandrohernandez@quintero.com
EDU475,Técnico,,Ramos-Lozano,,Paz Group,,rosa01@herrera-gallego.com
EDU476,Profesional,MP-192601,Díaz PLC,,"Rodríguez, Rincón and Rojas",DIPLOMADOS EN: GESTION PUBLICA Y FORTALECIMIENTO DE COMPETENCIAS PARA LA ADMINISTRACIÓN DE SISTEMAS DE GESTION,marybohorquez@villegas.com
EDU477,Tecnólogo,,Cano Ltd,,Carvajal LLC,,victorjimenez@sierra.com
EDU478,Profesional,MP-689716,Rojas Group,,"Castillo, Valencia and Guerra",,igarcia@rodriguez-arias.net
EDU479,Maestría,MP-516715,Moreno PLC,Maestría,"Velásquez, Beltrán and Mesa",,julianrivera@cortes.info
EDU480,Profesional,MP-256222,Sánchez Inc,,Muñoz PLC,,sariza@arias.com
EDU481,Tecnólogo,,"Ruiz, Torres and Rodríguez",,Torres-León,,maria30@navarro-castro.info
EDU482,Especialización,MP-557373,Sepúlveda Group,Especialización,"García, Hurtado and López",GESTION PUBLICA,guerrabeatriz@guerrero.info
EDU483,Especialización,MP-565453,"Valencia, Vargas and Arboleda",Especialización,"González, Lozano and Álvarez",,karenrodriguez@castro.com
EDU484,Técnico,,Barrios-Escobar,,"Murillo, Parada and Vargas",,mmunoz@rodriguez-gonzalez.org
EDU485,Profesional,MP-799309,"López, Parra and Gómez",,"Perdomo, Muñoz and Bedoya",,doris09@reyes-carvajal.info
EDU486,Profesional,MP-728864,"Serna, Arias and Torres",,Valencia-López,,estella04@alvarez-galeano.com
EDU487,Profesional,MP-710490,"Martínez, Ramos and Silva",,"Beltrán, Sepúlveda and Sánchez",,orlando09@ortiz-hoyos.org
EDU488,Especialización,MP-766246,Velásquez-Torres,Especialización,Ramírez-Niño,,jairosandoval@mercado.com
EDU489,Profesional,MP-172588,Suárez and Sons,,Orozco Ltd,,wsanchez@marin.org
EDU490,Profesional,MP-965264,"Camacho, Sánchez and López",,"García, Vanegas and Espitia",,vasquezsteven@saavedra.com
EDU491,Tecnólogo,,Narváez-Gutiérrez,,"Rivera, Vásquez and Pinzón",,zmurillo@camacho.com
EDU492,Especialización,MP-216739,López-Hernández,Especialización,Mesa-Murillo,,vilma67@salamanca-restrepo.net
EDU493,Bachiller,,Sánchez Inc,,"López, Ramírez and Ortega",,karenalvarez@cifuentes.com
EDU494,Profesional,MP-903585,Jiménez-Mesa,,Díaz and Sons,,ortegamaria@suarez-parra.com
EDU495,Profesional,MP-661931,"Cardona, Caballero and Gutiérrez",,Sánchez Group,,arrietacamilo@chavez.com
EDU496,Especialización,MP-114153,"Gamboa, Torres and Fernández",Especialización,"Acosta, Aguirre and López",CAP SECRETARIADO AUXILIAR,fernando75@gonzalez.com
EDU497,Profesional,MP-855343,"Díaz, Muñoz and Castrillón",,Vélez and Sons,,lsandoval@loaiza.info
EDU498,Tecnólogo,,"Bedoya, Vega and Murillo",,Navarro Ltd,,edgar43@arteaga.org
EDU499,Tecnólogo,,Rodríguez Inc,,"Buitrago, Gaviria and Barragán",,hsierra@velasco.com
EDU500,Especialización,MP-176077,"Pérez, Rendón and Navarro",Especialización,Suárez PLC,,andreamunoz@garcia.net
EDU501,Especialización,MP-531459,Murillo Inc,Especialización,"Bernal, Navarro and Marín",,bguerrero@gomez.com
EDU502,Profesional,MP-127723,Escobar PLC,,"Rojas, Peña and Pérez",,robinsonhoyos@arteaga.com
EDU503,Especialización,MP-697794,Rosero-Peña,Especialización,Olaya-García,,amparolara@garcia.com
EDU504,Profesional,MP-817406,Velásquez-Salazar,,García Ltd,,toroyesid@acevedo-lopez.info
EDU505,Profesional,MP-166234,Vargas-López,,"Zambrano, Herrera and Cortés",,javiertorres@pena-romero.net
EDU506,Profesional,MP-764560,Giraldo-Loaiza,,Figueroa Inc,,jennifersanabria@barbosa.net
EDU507,Especialización,MP-551015,Quintero Ltd,Especialización,"Rojas, Vásquez and Espinosa",,gabrielfonseca@herrera.com
EDU508,Técnico,,Mesa-Bermúdez,,"Castro, Gómez and Hernández",,cruzcamilo@uribe.com
EDU509,Especialización,MP-342717,Carvajal and Sons,Especialización,Durán-Acosta,,srodriguez@rendon.com
EDU510,Bachiller,,Ruiz and Sons,,"Murcia, Paz and Peña",,sofia96@benavides-velandia.org
EDU511,Especialización,MP-714641,López-González,Especialización,"Valencia, Arias and García",,luis22@camacho.com
EDU512,Maestría,MP-494274,"Jiménez, Moreno and Contreras",Maestría,Velasco-Orozco,,hugogarcia@garcia.org
EDU513,Técnico,,Ramírez Ltd,,Montes-López,,augustoarias@cuesta.com
EDU514,Profesional,MP-730152,Flórez-Sánchez,,Cortés Ltd,,torresjose@andrade.com
EDU515,Profesional,MP-182074,Velandia Inc,,Ávila-Martínez,,worozco@duarte.com
EDU516,Tecnólogo,,Galeano-Jiménez,,"Molina, Franco and Serna",,ricardo54@rodriguez-marin.com
EDU517,Especialización,MP-325160,Zapata-Martínez,Especialización,Muñoz-Rodríguez,,gloria46@carrillo-castro.net
EDU518,Tecnólogo,,"Mendoza, León and Patiño",,"Gómez, Duque and Velasco",,hernandezdaniel@lopez.info
EDU519,Profesional,MP-790417,"Vanegas, Martínez and Soto",,Barrios-Rodríguez,,stella78@santos.com
EDU520,Tecnólogo,,Romero Group,,"Zuluaga, Espitia and Ardila",,acevedoomar@valencia.biz
EDU521,Especialización,MP-487732,Martínez Group,Especialización,Rodríguez-García,,carlos46@loaiza.info
EDU522,Especialización,MP-803286,Sánchez-Valencia,Especialización,Córdoba-Molina,,jaime07@arango.com
EDU523,Profesional,MP-688365,Mantilla-Castellanos,,Bernal-Hernández,,castrojuliana@garcia.info
EDU524,Profesional,MP-346183,"Jaimes, Osorio and Rivera",,Sepúlveda Group,,katherinetorres@reyes.com
EDU525,Especialización,MP-713333,"Duarte, González and Bastidas",Especialización,Arias-Ospino,,juliethgutierrez@mora-cabrera.com
EDU526,Especialización,MP-962061,Sierra-Salas,Especialización,"Sierra, Anaya and Peña",,jhonnyescobar@arias.com
EDU527,Especialización,MP-550542,Cano-Córdoba,Especialización,"Cardozo, Bolaños and Giraldo",,florezana@ramirez.com
EDU528,Especialización,MP-538452,Prada-Ángel,Especialización,"Hernández, Gaviria and Vargas",,nilson44@ortiz.com
EDU529,Especialización,MP-348552,Pérez PLC,Especialización,"Guzmán, Quintero and García",,wrivera@valencia-roa.com
EDU530,Profesional,MP-455249,"Pérez, Contreras and Cardona",,Ríos-Cárdenas,,ldiaz@romero.org
EDU531,Técnico,,Trujillo-Henao,,Ramírez-Ordóñez,,dayana83@salcedo-lopez.com
EDU532,Profesional,MP-890144,Castañeda Group,,"Toro, Vergara and Díaz",,marlenyrincon@becerra.com
EDU533,Especialización,MP-314835,"Martínez, Solano and Arango",Especialización,Lozano Ltd,,silviabetancur@acosta-ramirez.com
EDU534,Profesional,MP-643176,Pérez-Serrano,,"Sánchez, Murillo and Castañeda",,monsalvemiguel@erazo-rojas.org
EDU535,Profesional,MP-628646,Barbosa-Cantillo,,"Rivera, Palacio and Quintero",,felipeportilla@perea-parra.com
EDU536,Especialización,MP-213550,"Hernández, Arteaga and Gómez",Especialización,"González, Guerrero and Medina",,manuel43@valencia-ramirez.com
EDU537,Maestría,MP-489878,"Guzmán, Carvajal and Díaz",Maestría,Molina PLC,,torrescarmen@salazar.com
EDU538,Técnico,,Patiño-Ortiz,,Ortega-Zuluaga,,hernandoleon@valencia.info
EDU539,Especialización,MP-892338,Galvis-Franco,Especialización,"Acevedo, Mosquera and Uribe",,wvargas@rivera.org
EDU540,Especialización,MP-135954,"Romero, Valencia and Fernández",Especialización,Álvarez-Gómez,,pazhenry@vasquez.net
EDU541,Especialización,MP-836400,"Díaz, Carrillo and Ruiz",Especialización,Quintero PLC,,rafaelgaviria@pulido.com
EDU542,Bachiller,,"Castro, González and Buitrago",,Triana-Medina,,lorena44@rojas.com
EDU543,Profesional,MP-244356,"Muñoz, Lozano and Martínez",,Durán Ltd,,laurarodriguez@perez.com
EDU544,Profesional,MP-989097,"Guerrero, Guerrero and Díaz",,Beltrán and Sons,,igutierrez@castellanos-hoyos.com
EDU545,Maestría,MP-856892,Rivera-Becerra,Maestría,"Vanegas, Arango and Serna",,slopez@bohorquez-montenegro.org
EDU546,Profesional,MP-698260,Velásquez-Rincón,,Rivera PLC,CURSO INTENSIVO DE PERCUSION DIPLOMADO EN FORTALECIMIENTO DE COMPETENCIAS PARA LA ADMINISTRACION DE SISTEMAS DE GESTION,ngomez@perez.com
EDU547,Profesional,MP-620985,"Gutiérrez, Peña and Rangel",,Gutiérrez and Sons,,francy40@restrepo-martinez.com
EDU548,Especialización,MP-783321,Rodríguez Inc,Especialización,Andrade LLC,,omairaramirez@osorio.com
EDU549,Especialización,MP-486821,"Ballesteros, Lara and Vargas",Especialización,Pérez-Bernal,,gonzalezvirginia@montes-parra.com
EDU550,Maestría,MP-249381,Restrepo Ltd,Maestría,Gil LLC,,luissierra@serrano.com
EDU551,Profesional,MP-775510,"Castillo, Quintero and Caicedo",,"Duque, Martínez and Giraldo",,carlos62@gonzalez.com
EDU552,Especialización,MP-689921,Rodríguez Inc,Especialización,Duque Group,,duransteven@garzon-londono.com
EDU553,Especialización,MP-963663,López-Villa,Especialización,"Hernández, Rivera and Gómez",,hugocabrera@martinez.org
EDU554,Especialización,MP-998320,Delgado Ltd,Especialización,"García, López and Gutiérrez",,obandoandrea@patino-romero.biz
EDU555,Especialización,MP-592313,Triana-Rojas,Especialización,"Ramírez, Bernal and Morales",,gaitancamilo@hoyos-escobar.info
EDU556,Especialización,MP-532659,"Arias, Maldonado and Gómez",Especialización,Rodríguez LLC,,obandomauricio@saavedra.info
EDU557,Profesional,MP-757162,Díaz and Sons,,Valencia-Vargas,AUXILIAR DE ENFERMERIA,gloriazuluaga@nino-molina.com
EDU558,Profesional,MP-296582,"Escobar, Salazar and Muñoz",,Chávez Inc,,ztorres@angulo-florez.org
EDU559,Especialización,MP-593948,Martínez-Ayala,Especialización,Rueda-Medina,,jennybejarano@tamayo.net
EDU560,Especialización,MP-906388,Ríos LLC,Especialización,"Ríos, Rodríguez and Gómez",,ramirezyeimy@galindo.info
EDU561,Profesional,MP-282958,Tovar-Hernández,,"Bonilla, Contreras and Rojas",,daniel89@camacho.com
EDU562,Profesional,MP-507505,Torres-Espitia,,"Rodríguez, Acosta and Ortiz",,rosagonzalez@hoyos.com
EDU563,Tecnólogo,,"Acosta, Rincón and Chávez",,Sánchez LLC,,alfonso42@vasquez.org
EDU564,Profesional,MP-911774,López LLC,,Alvarado-Guerrero,,hermes25@londono.com
EDU565,Tecnólogo,,Cifuentes-Méndez,,Osorio-Jiménez,,igarzon@arboleda.com
EDU566,Especialización,MP-553449,"Salgado, Olaya and Peña",Especialización,"Hernández, González and Fuentes",,sanchezluz@ariza.com
EDU567,Profesional,MP-452228,Angulo Inc,,Cortés-Arias,,adolfo22@palacios-gonzalez.com
EDU568,Especialización,MP-382762,Pineda PLC,Especialización,García Inc,,pintojose@barbosa.org
EDU569,Técnico,,León Ltd,,"Guerra, López and Molina",,jhonny93@fonseca.com
EDU570,Especialización,MP-928965,Cárdenas and Sons,Especialización,Bedoya Group,,ordonezleidy@montoya-santos.com
EDU571,Profesional,MP-216421,"Soto, Meza and Moreno",,Gutiérrez-Serna,,carlos07@riascos-cifuentes.org
EDU572,Especialización,MP-237084,Moreno Ltd,Especialización,"Espinosa, Córdoba and Hurtado",,barreraalexander@lopez-granados.net
EDU573,Profesional,MP-149067,Díaz Ltd,,Carrillo-Vargas,,clemenciaflorez@rangel.net
EDU574,Especialización,MP-226498,Carvajal and Sons,Especialización,Suárez Group,,albertomedina@garzon.info
EDU575,Especialización,MP-184080,Oviedo PLC,Especialización,Ruiz Ltd,,manuel36@naranjo.com
EDU576,Maestría,MP-658830,"Vásquez, Serrano and Sánchez",Maestría,Anaya-Torres,"CAP SECRETARIADO, DIPLOMADO EN FORTALECIMIENTO DE COMPETENCIAS PARA LA ADMINISTRACION DE SISTEMAS DE GESTION",astrid58@herrera.com
EDU577,Técnico,,Marín Inc,,Rodríguez-Gómez,,julieth49@gonzalez.com
EDU578,Especialización,MP-580761,Cárdenas Group,Especialización,Melo-López,,sanchezclaudia@alvarez-gonzalez.com
EDU579,Profesional,MP-600098,Burgos LLC,,Buitrago-Triana,,galeanoandrea@vallejo.com
EDU580,Tecnólogo,,"Vargas, González and González",,Córdoba and Sons,CAP SECRETARIA GENERAL,elizabethcastillo@castro.com
EDU581,Profesional,MP-286626,Buitrago Ltd,,Muñoz-Cano,GESTION PUBLICA Y CAP SECRETARIA GENERAL,rene57@loaiza.info
EDU582,Profesional,MP-567835,"Valencia, Gómez and Vargas",,Álvarez-Herrera,,diazeder@ortiz.com
EDU583,Especialización,MP-527826,"Torres, Montes and Peña",Especialización,Díaz and Sons,,vivianabernal@perez.org
EDU584,Profesional,MP-793206,Hernández and Sons,,Castillo-Arroyo,,miguel23@hernandez.org
EDU585,Especialización,MP-915131,Bohórquez Ltd,Especialización,Pacheco-Forero,,leidy73@orozco-jaimes.com
EDU586,Maestría,MP-254245,Castañeda Ltd,Maestría,Álvarez-González,CREACION Y ADMON DE EMPRESAS Y SECRETARIADO GENERAL,vsalazar@ortiz.com
EDU587,Técnico,,"Aguirre, Meneses and Medina",,"Serrano, Gómez and Mercado",,alexanderrodriguez@vergara.org
EDU588,Especialización,MP-497686,Silva-Ávila,Especialización,García-Méndez,GESTION PUBLICA,anacamacho@quintero.com
EDU589,Técnico,,Quiroga-Velásquez,,León Group,GESTION PUBLICA,sandra81@blanco.info
EDU590,Especialización,MP-721820,Jiménez Ltd,Especialización,"Arias, Quiroga and Cortés",,osanchez@cano.com
EDU591,Profesional,MP-327645,Silva-Ramos,,Ortega-Murillo,CAP SECRETARIADO,perezyulieth@espinosa.com
EDU592,Especialización,MP-165318,Mendoza-Castillo,Especialización,Lara-Giraldo,,maria34@prieto-gomez.com
EDU593,Especialización,MP-804513,"Montenegro, Ordóñez and Córdoba",Especialización,"Caballero, Méndez and Rendón",,krodriguez@moreno.com
EDU594,Profesional,MP-117640,"Castro, Méndez and Fonseca",,Martínez and Sons,,lmoreno@acosta.org
EDU595,Maestría,MP-301579,Ayala and Sons,Maestría,Jaramillo Ltd,,miguelmejia@pabon.info
EDU596,Especialización,MP-144738,Hernández and Sons,Especialización,"Acevedo, Delgado and Pineda",,munozvanessa@nino.biz
EDU597,Especialización,MP-770398,Ardila PLC,Especialización,Reyes PLC,,sarmientojuan@gomez.biz
EDU598,Especialización,MP-262993,Narváez-Arroyo,Especialización,Castro and Sons,,fredysanchez@navarro-giraldo.info
EDU599,Especialización,MP-342804,Salamanca-Suárez,Especialización,"Saavedra, Santos and Saavedra",,patricia81@ruiz.com
EDU600,Profesional,MP-628423,Velasco-Soto,,Bermúdez-Martínez,,molinadiana@caicedo.com
EDU601,Tecnólogo,,Barragán-Benavides,,Forero PLC,,qgarcia@salazar.com
EDU602,Especialización,MP-368512,Méndez-Rincón,Especialización,Acosta Group,,jbetancur@pinto.com
EDU603,Especialización,MP-720635,Arenas Ltd,Especialización,Díaz-Duque,,mcastro@camacho-diaz.org
EDU604,Profesional,MP-246470,Parra-Velásquez,,Parra Ltd,DIPLOMADO EN ADMINISTRACION PUBLICA,jeisonnaranjo@diaz.com
EDU605,Especialización,MP-109078,"Cortés, Vargas and Silva",Especialización,Cárdenas-Jiménez,,edgargonzales@martinez-torres.com
EDU606,Profesional,MP-480002,"Guzmán, Peña and Castro",,"Núñez, Cuéllar and Vallejo",,cristina95@carvajal.com
EDU607,Bachiller,,Carvajal Ltd,,"Rivera, Mesa and Rojas",,maria89@velasco-calderon.com
EDU608,Especialización,MP-389106,Correa Ltd,Especialización,Mosquera Ltd,,luz39@garcia.info
EDU609,Profesional,MP-999187,Pedraza Inc,,"Mena, Mantilla and Ortiz",,cortesvalentina@perez.com
EDU610,Profesional,MP-465871,"Pulido, Hernández and Estrada",,Díaz PLC,,yrivera@polo-fajardo.biz
EDU611,Profesional,MP-247718,"Ramírez, Montoya and Pérez",,"Marín, Duarte and Becerra",,silvaandres@garcia-ospina.com
EDU612,Técnico,,"García, Galindo and Sánchez",,"Gómez, Castro and Castro",,danielaguzman@perdomo-mejia.com
EDU613,Especialización,MP-238563,Salazar-Guerrero,Especialización,"Cárdenas, Cantillo and Restrepo",,mariapena@melo.com
EDU614,Especialización,MP-477816,"Sandoval, Fuentes and Ramírez",Especialización,Gómez Inc,,nelly54@gonzalez-gutierrez.com
EDU615,Especialización,MP-244097,Sánchez-Ríos,Especialización,Bermúdez Ltd,,miguel90@diaz-rodriguez.com
EDU616,Profesional,MP-313030,Castellanos-Álvarez,,"Ramírez, Fernández and Gómez",,jaramillomiguel@cardona-villamizar.info
EDU617,Especialización,MP-423390,Galeano Ltd,Especialización,Rodríguez Inc,,gonzalezpatricia@lozano.com
EDU618,Técnico,,Benavides-Pabón,,Ocampo-Córdoba,GESTION PUBLICA,stevenpabon@ceballos.net
EDU619,Profesional,MP-389227,Martínez and Sons,,"Suárez, Cardona and Mejía",,doramunoz@castro.info
EDU620,Profesional,MP-232079,García Ltd,,Vargas PLC,,carmenbarragan@acosta-gonzalez.com
EDU621,Profesional,MP-931291,Blanco-Pinzón,,Meneses Inc,,zapataalvaro@perez-rodriguez.com
EDU622,Profesional,MP-444855,Uribe and Sons,,Sierra LLC,,danielafranco@rodriguez.info
EDU623,Especialización,MP-341531,Ávila-Ochoa,Especialización,"Gutiérrez, Ospina and Jaramillo",,uarias@rivera.com
EDU624,Profesional,MP-935700,Gallego-Solano,,Pacheco-Beltrán,,frendon@romero-munoz.info
EDU625,Maestría,MP-605934,Martínez-Córdoba,Maestría,Patiño Inc,GESTION PUBLICA,nelson10@arevalo.com
EDU626,Especialización,MP-530783,Obando Ltd,Especialización,Chávez Inc,,marlenylozano@pena.com
EDU627,Tecnólogo,,"Duarte, Solano and Bedoya",,"Ocampo, Ramírez and Peña",,vicenterodriguez@florez.com
EDU628,Especialización,MP-605518,Reyes Ltd,Especialización,Romero Inc,,angiepedraza@castro.info
EDU629,Especialización,MP-951887,Becerra PLC,Especialización,Zapata Inc,,gpacheco@bedoya.com
EDU630,Profesional,MP-228232,"Galvis, Ortiz and Barrios",,Bravo-Rivera,,isabelvargas@munoz.com
EDU631,Tecnólogo,,Padilla-Salamanca,,Martínez and Sons,,loaizahernando@martinez.com
EDU632,Especialización,MP-824984,Tamayo-Amaya,Especialización,Martínez-Díaz,,danilo53@avila.info
EDU633,Profesional,MP-897968,Quintero LLC,,"Correa, Gallego and Prieto",,milena78@mosquera-mejia.org
EDU634,Maestría,MP-312943,Ardila-Galvis,Maestría,Guzmán PLC,,marly59@ramirez.org
EDU635,Especialización,MP-590042,"Ángel, Rodríguez and Torres",Especialización,"Castrillón, Vargas and Torres",,david15@marin.com
EDU636,Maestría,MP-671926,Flórez-Gómez,Maestría,"Londoño, Andrade and Arteaga",,bejaranoluz@lopez-rodriguez.net
EDU637,Profesional,MP-984056,Restrepo PLC,,Cruz Group,,glozano@torres.net
EDU638,Especialización,MP-777894,"Peña, Pérez and Ramírez",Especialización,"Perdomo, Villamil and Perea",CREACION Y ADMINISTRACION DE EMPRESAS,nelson90@gallego.com
EDU639,Bachiller,,"Galeano, Ríos and Bedoya",,"Martínez, Gómez and Parada",,angel08@diaz.com
EDU640,Especialización,MP-142534,Hernández-Salamanca,Especialización,Díaz-Parra,,duvan86@barbosa-camacho.com
EDU641,Técnico,,"Rojas, Rojas and Fajardo",,Yepes-Rodríguez,,mgil@arboleda.org
EDU642,Especialización,MP-382725,Acosta-Rojas,Especialización,Giraldo Ltd,,suarezedwin@caceres-estrada.com
EDU643,Bachiller,,Vargas PLC,,Córdoba-Castro,,jose08@lara.info
EDU644,Tecnólogo,,"Barbosa, Quintero and Castellanos",,Parada-Bedoya,,mjimenez@torres-jaramillo.com
EDU645,Especialización,MP-743409,Silva and Sons,Especialización,Beltrán LLC,,andres40@guerra.com
EDU646,Maestría,MP-378710,Ojeda Group,Maestría,Rodríguez-García,,jose81@rodriguez-bernal.biz
EDU647,Especialización,MP-113140,Nieto-Rosero,Especialización,Padilla-Gutiérrez,GESTION PUBLICA,benitezolga@ramirez-palacios.com
EDU648,Especialización,MP-853494,"Beltrán, Rodríguez and Beltrán",Especialización,Oviedo-Orjuela,,carlos07@hernandez-riascos.com
EDU649,Maestría,MP-993388,Ocampo PLC,Maestría,Gaviria-Martínez,,geovannyvargas@restrepo.com
EDU650,Profesional,MP-470858,"Ortiz, Mejía and Córdoba",,Muñoz-Zapata,,albeiro58@rodriguez.info
EDU651,Profesional,MP-353317,"Campo, Murcia and Pinzón",,Jaimes Group,,vhernandez@sierra.com
EDU652,Técnico,,Martínez-Forero,,Romero-Narváez,,juan60@garcia-lara.info
EDU653,Maestría,MP-847852,Soto-Peña,Maestría,Sánchez Group,,caicedoclaudia@parra.org
EDU654,Profesional,MP-118990,González LLC,,Vera-Arias,,cramos@munoz.com
EDU655,Especialización,MP-445740,"Rangel, Osorio and Díaz",Especialización,Guerra Inc,,rojasyamile@castro-osorio.org
EDU656,Profesional,MP-939953,Soto and Sons,,"Blanco, Patiño and Pulido",,perezpaola@martinez-franco.net
EDU657,Profesional,MP-914914,García and Sons,,Escobar-Pérez,,maria19@garcia-corredor.com
EDU658,Maestría,MP-514758,Vargas-Buitrago,Maestría,Rojas-Buitrago,,rosa27@perez-lopez.com
EDU659,Profesional,MP-428785,Guevara-Ibarra,,"Solano, Muñoz and Cano",,hernandezluz@alzate.net
EDU660,Profesional,MP-950193,Cantillo-Torres,,Ávila Ltd,,luzhernandez@giraldo.com
EDU661,Maestría,MP-900554,"Buitrago, Acosta and Salazar",Maestría,"Flórez, Rodríguez and Rendón",,ortizmarina@vega.com
EDU662,Especialización,MP-599797,Gutiérrez PLC,Especialización,Ortiz-Rojas,,dhoyos@pinzon.com
EDU663,Especialización,MP-667597,"Miranda, Meneses and Álvarez",Especialización,Perdomo-Mesa,,omar94@castro.com
EDU664,Especialización,MP-228389,Zapata and Sons,Especialización,Quintero PLC,,milenabarbosa@castillo.com
EDU665,Maestría,MP-536679,Sánchez Inc,Maestría,"Estrada, Franco and Salcedo",,npalacios@mora.com
EDU666,Profesional,MP-518458,Corredor Inc,,Velásquez-Flórez,,dariorodriguez@garcia.com
EDU667,Especialización,MP-128328,Ríos-Leal,Especialización,"Díaz, Peña and Martínez",,jaramilloalexis@moreno.biz
EDU668,Profesional,MP-698506,Delgado-Pérez,,Osorio PLC,,maritza13@solano.com
EDU669,Profesional,MP-501415,"Rojas, Aguirre and Rodríguez",,López PLC,,mavila@caro-buitrago.net
EDU670,Especialización,MP-224932,Gutiérrez Ltd,Especialización,Barrera-Álvarez,,qmora@sierra.com
EDU671,Bachiller,,Muñoz-Flórez,,"García, López and Murillo",,patricia07@escobar.com
EDU672,Especialización,MP-609850,García Group,Especialización,"Mercado, Zuluaga and Gallego",,beatrizocampo@cordoba.com
